label,complete,n_eps,group,started_fresh,metrics_md5,peak_when_ep1,peak_when,peak_heat/cool/db,peak_kW@ep1,peak_kW@last,peak_kW@last_std,CF@ep1,CF@last,CF@last_std,LF@ep1,LF@last,LF@last_std,CS@ep1,CS@last,CS@last_std,CS_occ@ep1,CS_occ@last,CS_occ@last_std,ZCR@ep1,ZCR@last,ZCR@last_std,mean_dev@ep1,mean_dev@last,mean_dev@last_std,db_viol@ep1,db_viol@last,db_viol@last_std,energy_kWh@ep1,energy_kWh@last,energy_kWh@last_std,en_cost@ep1,en_cost@last,en_cost@last_std,dem_cost@ep1,dem_cost@last,dem_cost@last_std,tot_cost@ep1,tot_cost@last,tot_cost@last_std,sum_monthly_peaks_kW@ep1,sum_monthly_peaks_kW@last,sum_monthly_peaks_kW@last_std,override_rate@ep1,override_rate@last,override_rate@last_std,custom_reward@ep1,custom_reward@last,custom_reward@last_std,linear_reward@ep1,linear_reward@last,linear_reward@last_std,hourly_reward@ep1,hourly_reward@last,hourly_reward@last_std,core_k@ep1,core_k@last,core_k@last_std,perim_k@ep1,perim_k@last,perim_k@last_std,prederr_impr@ep1,prederr_impr@last,prederr_impr@last_std
01_baseline,True,5,,True,e2c97847a4,6/19 h11,8/5 h15,0/13/0,100.063375,92.85896874999999,1.7404671430534633e-14,0.9933977649073366,0.9740906939474058,0.005602135508577724,0.138164826255646,0.1468099263709631,0.0004207036700191477,0.9352330755032693,0.9357049873200148,9.89570830098806e-05,0.9382990029388795,0.9390070412543302,0.00010084441027183293,88.84320660182729,88.94930739758325,0.04282246727125679,0.13115267782410905,0.13026958252133872,0.000193907768063437,0.0,0.0023465246067985793,0.001828200825139469,121109.09207571411,119421.73687802251,342.2191143785161,37576.75214073403,36915.12725297753,125.49497225119886,20029.27214843751,19650.521244791656,26.982235469851638,57606.024289171546,56565.64849776918,152.08360888432375,770.3566210937499,755.7892786458333,1.037778287301847,0.040896118721461185,0.04142250126839168,9.634559925131533e-05,317.6100884375876,332.91970042572603,1.2793122729321411,-116227.06324267,-116219.7620570459,226.1072520563302,-66936.35534770756,-66277.43191245926,151.34960636363314,,,,,,,,,
02_learnC,True,5,,True,e2c97847a4,7/8 h12,8/5 h15,0/13/0,97.29196875,92.85896874999999,1.7404671430534633e-14,0.9374930854203358,0.9763790217608469,0.00015008502922054175,0.14214386681187033,0.14735687835222633,0.0002107094907965288,0.9349344192765928,0.9358001553900488,0.00021128883751787432,0.9381479125424907,0.9394966515527896,0.00018238661231631043,88.56469201296787,88.76215738284704,0.10960751063508113,0.1306560944897187,0.1284765020515953,0.0003830253015539477,0.0,0.0009512937595129375,0.0014859683553855886,121146.04023529435,119866.65199518077,171.40049034574247,37209.06385721401,36852.9162559006,52.112431076064006,20145.782312500003,19761.713968750006,41.84286846717074,57354.846169714016,56614.63022465061,91.45686087600768,774.83778125,760.0659218750001,1.6093410948908813,0.03890791476407915,0.039506595636732623,0.00010114777497895526,308.3449921195516,330.01011311346053,1.9115832169234293,-112775.94948396334,-112506.97297862826,56.30064441259048,-64707.12906705178,-64052.791520825296,14.777724711981895,,,,,,,,,
03_cong5,True,5,,True,e2c97847a4,6/19 h10,7/16 h7,0/8/0,94.49709375,92.25486979166665,0.09034306101017726,0.9241071250418522,0.9343012198296189,0.0023446250447890097,0.1424461624722618,0.14469892536227694,0.0005229491177764156,0.9207829868737667,0.9265369236065712,0.0018302715416625647,0.9238667600839504,0.9299816314172377,0.0020085472956082734,86.17889773062187,86.97661852834267,0.41933232823095773,0.15677168995613383,0.14480070750043583,0.002890290519162241,0.0,0.0013952308472856417,0.0009763320851306856,117916.15571654892,116938.8296095848,441.34901883336283,36046.94054433642,35799.69691174067,142.04483768104865,19952.09216406251,19591.210200520825,181.82752751933165,55999.03270839893,55390.90711226149,322.25432326121177,767.38816015625,753.5080846354167,6.99336644305104,0.04518645357686454,0.044233891425672245,0.00010506234596589804,247.36172789116918,288.7563365064372,8.364343379891677,-126268.97499710569,-123461.78601805233,503.3699418542922,-69714.94227774128,-67975.00199429836,200.61074352454457,,,,,,,,,
04_full,True,5,,True,e2c97847a4,6/19 h12,8/5 h15,0/13/0,88.9089453125,84.76225520833333,0.16322774641745497,0.8962683272232883,0.8798343206073,0.0008039144355775405,0.14708942027957242,0.15399702899793424,0.000206757988728381,0.9065834342295228,0.9134802974488568,0.00041650579565933,0.9089790688854533,0.9171749167989708,0.00047355435139706726,82.66922094508301,84.13776729868685,0.02015946078915969,0.1792339807597133,0.16427693439926713,0.0008738792150773208,0.0,0.0008244545915778793,0.0011148145504342307,114559.47135947036,114345.26965429688,66.50624399872179,34655.61677893492,34633.6223630801,28.59849835241472,19514.48047656252,18991.857625,32.22101254836579,54170.09725549744,53625.4799880801,60.81949331555438,750.55694140625,730.4560625,1.2392697133983481,0.04576674277016743,0.04502917300862506,3.168441399491857e-05,171.4321805918498,226.78583992416293,2.2618394996266784,-128689.15757755806,-126070.76917182107,239.36783007915653,-71051.75927587005,-68945.46415950407,136.4395481610841,,,,,,,,,
05_cong2_learnC,True,5,,True,e2c97847a4,6/19 h12,8/5 h15,0/14/0,101.4498671875,92.85896874999999,1.7404671430534633e-14,0.9846748610634383,0.9431333089072244,0.005202436483596472,0.1339283722284282,0.14528400122059415,0.00032306252335181733,0.9298800408124225,0.9316876068970199,0.0002103266121552084,0.9338553569224989,0.9360916184804736,0.00022751907565813194,87.52578838785735,88.11883944067853,0.08802668466454897,0.1386133157243102,0.13469961347875706,0.0004261300079997525,0.0,0.0012049720953830542,0.0014778260017416342,119022.25643885804,118180.48135595069,262.7934541795511,36433.59739324409,36184.918537463156,92.84427838145461,20361.09928125001,19935.306218749993,31.459518680687587,56794.6966744941,56120.22475621316,106.40098264570513,783.119203125,766.7425468750001,1.2099814877189423,0.042433409436834095,0.04251331811263318,9.708790580040353e-05,285.4075841777621,313.69616363803476,1.9441240411137686,-119458.60176207568,-117979.38994667452,27.2060716286466,-66334.03948651261,-65329.56524832718,33.998777539900566,,,,,,,,,
00_full_legacy_v14,True,5,,True,e2c97847a4,8/1 h12,8/5 h15,0/13/0,88.414859375,84.82650260416666,0.17030132029199718,0.8832379078408554,0.8797515673018338,0.0010954906341752804,0.14833070839429885,0.1548972675718087,0.00024293289600227404,0.9068492561603352,0.9166790154665708,0.0006625774470787851,0.9093458513926079,0.9205947389518939,0.0007423741866081773,82.8028293545535,84.57805285391493,0.054119820273743284,0.17869653717241135,0.15958734260395738,0.0009818724637433135,0.0,0.0006976154236428209,0.0010478634983421048,114884.23521940231,115100.85800002796,83.55889551945211,34738.46154027349,34837.295733011,25.936781264074412,19493.505585937488,19126.79728645834,16.633950816814494,54231.96712621098,53964.09301946933,42.11921751467601,749.75021484375,735.6460494791667,0.6397673391079579,0.04570966514459665,0.04462899543378995,4.300857897814713e-05,173.7375239159956,242.58593445150032,2.6533805826369594,-128543.11036122036,-124656.02798962349,269.40554602214695,-71065.39598310972,-68474.31554079511,136.15525527447738,,,,,,,,,
sw_c1_L0,True,5,,True,e2c97847a4,6/19 h14,6/24 h15,0/12/0,93.546265625,92.72428124999999,0.1166427965722192,0.9245503885586243,0.9647150557605074,0.0014785017110398719,0.14707095000002582,0.14682317989422183,0.00010716783169087889,0.9346397437056915,0.9352111279738212,6.038831675771756e-05,0.9377318289050777,0.9385653297309909,6.308968182012121e-05,88.66145986835642,88.86138127517438,0.042278091740546295,0.13229794687296748,0.13108399824226838,0.00018815361877456475,0.0,0.0017123287671232876,0.001930915442369144,120519.53823274994,119259.32106799317,205.85393695947675,37384.19350738277,36861.099154458694,82.01879715339601,19779.670421875,19740.965833333335,49.999733422099204,57163.86392925777,56602.06498779202,126.22611242244345,760.7565546875,759.2679166666667,1.9230666700811696,0.04197298325722983,0.042187341451040083,4.393837665066606e-06,314.15332420345044,329.050671200318,0.9617729370743429,-117412.14896647567,-117152.38829262582,31.402236381635614,-67208.60496042762,-66624.30328432651,49.17989287153683,,,,,,,,,
sw_c2_L0,True,5,,True,e2c97847a4,6/19 h12,6/24 h15,0/13/0,99.745296875,92.72428124999999,0.1166427965722192,0.969639410112088,0.9651997366362689,0.0019509604536600774,0.13739396352446373,0.14652053314148888,0.00011380870839737524,0.9342447136408566,0.9349197766799088,4.987138528595112e-05,0.9373591342650524,0.9383219724709703,6.294456637560919e-05,88.61921603300914,88.8225758915414,0.047894609528435654,0.13302950436994726,0.13147545857236967,4.4653086912228466e-05,0.0,0.0020928462709284626,0.0016476891243996168,120050.55872188568,119013.46983175659,188.07870884465663,37178.63761323645,36767.53605347714,71.74753583025583,20024.80146875001,19747.952656249996,40.418246618394576,57203.439081986464,56515.488709727135,88.18609897958443,770.184671875,759.536640625,1.5545479468616048,0.04225837138508371,0.04241755454084221,3.057981595951708e-05,312.79227033932705,329.08746497146564,0.676732818887392,-117887.89924873861,-117420.24120142865,86.06674962819724,-67248.25660984182,-66624.11780134588,63.61961897550092,,,,,,,,,
sw_c3_L0,True,5,,True,e2c97847a4,7/8 h11,8/5 h15,0/13/0,98.4661015625,92.85896874999999,1.7404671430534633e-14,0.962329589500213,0.9778999662302231,2.9512895761835327e-05,0.13858362926547324,0.14535435649514925,0.00017011108560630438,0.9332898818766359,0.935104426898033,0.00012328762175106443,0.9363911488325923,0.9386023323924763,0.0001177203365659154,88.37950682778269,88.88201198546027,0.07598805236872597,0.13494148662884517,0.1309915146495253,0.0002901623259230034,0.0,0.0017757483510908167,0.0012231926383806386,119537.11789598847,118237.71147174454,138.375938245333,36903.236195236874,36493.763991798594,49.518311018957796,19895.70263281249,19676.7044296875,3.5106243128723107,56798.93882804936,56170.4684214861,46.02789639062342,765.21933203125,756.7963242187501,0.13502401203376468,0.042777777777777776,0.04256024860476915,6.201190139989316e-05,308.6650961597472,335.46270395466684,1.7496933706693933,-118607.33801416378,-116755.75100872228,71.06385255399482,-67299.33713683512,-66222.7725440485,11.201568015782422,,,,,,,,,
sw_c8_L0,True,5,,True,e2c97847a4,6/19 h16,8/5 h14,0/12/0,86.8724140625,83.96270572916666,1.958847414459734,0.8837178699408181,0.9090818876244192,0.007114603306661346,0.14824604681332504,0.15509145982082947,0.003377230681958899,0.8663251293961085,0.898928264807314,0.0002372073966360167,0.8657424010642722,0.9008491361525719,0.0002565732567577268,77.7173592690834,81.98120313062842,0.09600853323102765,0.25628988881490233,0.19201891524081885,0.0005136010920888611,0.0,0.0017757483510908167,0.0014279972411463347,112815.58958620834,114033.22736383056,173.33356980217758,33997.15134433822,34525.20360632762,46.654554200106496,19421.838820312514,18689.04821875,77.38999643192717,53418.990164650735,53214.25182507761,121.76992636042118,746.99380078125,718.8095468750001,2.976538324305146,0.05317732115677321,0.047845636732623036,8.492306185044622e-05,-1.9835493279256733,164.33289012395696,1.6812019023856548,-146475.35874144785,-134638.90227190405,211.3820256047154,-79913.89016039083,-72765.59898048652,147.65663386612164,,,,,,,,,
sw_c1_L1,True,5,,True,e2c97847a4,6/19 h10,8/5 h15,0/13/0,99.2435546875,92.85896874999999,1.7404671430534633e-14,0.9782870990390238,0.9667060457944759,0.005392777944860791,0.13779448020318277,0.14586981976235722,0.0005084552371012488,0.9323619021886612,0.9340196052462785,0.00011643988163465527,0.9361340592247773,0.9381007956245205,8.92114029718154e-05,88.10000982414775,88.56289091921275,0.05738162958877351,0.13442601664078704,0.13110707079446457,0.00017320113676828644,0.0,0.0006976154236428209,0.0008991277827725663,119794.87491751861,118657.01226555633,413.60014980136725,36755.277699347425,36403.96713622656,148.58018598760046,20085.681382812476,19846.470414062507,67.94377891908934,56840.9590821599,56250.437550289054,214.89308702883625,772.52620703125,763.3257851562499,2.6132222661183526,0.04100837138508372,0.041205606291222725,0.00012870738557445915,299.0219004926972,326.2526591174464,1.367560383945033,-116492.96918465232,-114821.89845275145,89.12464542308625,-65476.36431607859,-64454.52991810945,118.66462016927983,,,,,,,,,
sw_c3_L1,True,5,,True,e2c97847a4,6/19 h11,6/24 h15,0/14/0,103.555234375,92.80373958333332,0.12713433349514544,0.9861292789381935,0.9379747371379813,0.0037918497221477616,0.1302412234236617,0.14432886944137588,0.00017470219522480583,0.9267101767043573,0.9289461480699783,0.00030977470195675083,0.9306757064037203,0.9335664161269154,0.00027724793060765674,86.76539935160625,87.38055473687659,0.15699462509077042,0.14431464706988287,0.13897261330376898,0.0005109069679006128,0.0,0.0010147133434804667,0.0009576147178171931,118147.52525225449,117333.78536655172,271.12039255924157,36052.097785069294,35844.86038753652,90.74985768479307,20422.91428125001,19882.829145833333,102.55727491597683,56475.01206631931,55727.689533369856,190.0217782951315,785.496703125,764.7241979166666,3.9445105736908834,0.043156392694063926,0.04329211060375444,9.690753156036055e-05,267.9479192639844,298.0313803258078,1.8272132628659334,-121622.96029164054,-120561.78803480195,62.69396766207735,-67113.28134538366,-66058.92732887302,14.297115175804175,,,,,,,,,
sw_c8_L1,True,5,,True,e2c97847a4,6/19 h13,8/5 h14,0/11/0,86.0000625,83.5983984375,1.1492023867323748,0.874675281857573,0.9096848110510513,0.005988898779992443,0.1492397217780427,0.15540192172376646,0.0019922701972644986,0.873474419971906,0.8999060711812428,0.0004435610628528371,0.873875304069392,0.902535087913542,0.0004367181480432591,77.79988211022693,81.80764318695354,0.2003066394954369,0.239946093731657,0.1886724841318699,0.00039198440418035456,0.0,0.0005707762557077625,0.0008293186726675558,112431.31850745392,113790.9956377538,221.18412588649664,33688.21200308147,34223.39071169908,78.04492184540962,19188.704742187514,19053.547635416664,45.44936780597323,52876.91674526899,53276.93834711574,120.39001807581916,738.02710546875,732.8287552083333,1.7480526079223773,0.0505955098934551,0.04707191780821918,9.951824072010619e-05,24.998059990392203,168.91962428545688,2.0074575843936397,-140386.3180855238,-131272.61279720577,260.45334040741386,-77616.4707397558,-71887.87344265655,29.85216930768914,,,,,,,,,
h04_full,True,5,,True,e2c97847a4,7/2 h7,8/16 h12,0/12/0,89.335296875,87.09390364583334,0.7682061719854862,0.8971439564178346,0.8906439206090416,0.0036275353370983127,0.1463362301603126,0.14896952165716,0.001433123774812232,0.9076369193737329,0.9145140317405239,0.0003211344066164854,0.910964284490189,0.9193607047600949,0.00033241962362516223,83.17565576186266,84.91060025542784,0.021873901245912018,0.17819812811946975,0.16187688527580535,0.0004747010491741822,0.0001902587519025875,0.006278538812785388,0.00143642207672579,114519.39734887314,113648.76514494196,87.32723572646853,35039.36443000112,34775.95446069922,15.83731899105783,20089.172898437504,18942.858187499998,27.301245942994623,55128.53732843863,53718.81264819923,21.94903529249862,772.66049609375,728.57146875,1.0500479208846638,0.04618150684931507,0.04565005073566717,8.530582360466846e-05,163.07653654634527,226.8015413503757,0.9574586372601162,-129452.07111469668,-126303.82505764987,160.01782361972522,-70688.65382816464,-68212.08032304358,61.48391463349401,,,,,,,,,
h16_full,True,5,,True,e2c97847a4,6/19 h11,8/5 h14,0/9/0,89.8426328125,84.981921875,0.0,0.8892993176839217,0.9291100871709522,0.007962982172741585,0.14533841411899298,0.15402131199932273,0.0002727539090990838,0.8851177007229138,0.9017292540085502,0.0003130346082855032,0.8863688973617165,0.9042745889988416,0.0003238244593850543,74.12221239807447,77.05013590071061,0.3531894979710263,0.22078726856141034,0.19000781370364003,0.0007333444386538709,0.0,0.0,0.0,114384.45137361526,114659.87742588425,203.04936621283795,33978.24632426496,34114.56486277357,70.55997637820843,19563.949640625004,19054.443822916666,30.690496578494635,53542.195964889965,53169.008685690234,99.92452077368047,752.4596015625,732.8632239583334,1.1804037145577089,0.04589611872146119,0.04382102993404363,9.11324195490023e-05,30.05314342821084,130.07613162966265,3.612500189075479,-132171.17649183018,-125281.62993294017,75.09217973273361,-76336.82485805915,-72285.29502390281,51.12211976899115,,,,,,,,,
alt_db2,True,5,,True,e2c97847a4,6/19 h13,6/25 h8,0/11/10,89.680625,84.59797135416666,0.687113362265173,0.8818382895710726,0.8944554540450489,0.02849930703368409,0.14550809046852722,0.15456764560264066,0.0012897013035276668,0.899483320235662,0.9092270673515633,0.00021269625739566775,0.9014540719499138,0.912328474169815,0.00021466567372583844,81.53698791629826,83.18973704031175,0.0898202403888452,0.19071394625411903,0.1717572706139279,0.00021297372588681922,15.820966514459665,15.809741248097412,0.29182845963432485,114311.4869029808,114541.5433536962,35.215478743922645,34344.90637696891,34523.9870107808,22.728063398153793,19455.22860937503,19087.57354427084,64.0038212508039,53800.13498634394,53611.56055505164,82.187276282819,748.2780234375,734.1374440104167,2.461685432723427,0.04620243531202435,0.0454312531709792,3.710452175624123e-05,134.88806728703943,194.52175706157757,1.5984740041236278,-131451.18825802897,-128706.64916644846,347.82870207675063,-72571.22702498414,-70070.47981359677,73.11995736338875,,,,,,,,,
alt_stoch05,True,5,,True,e2c97847a4,8/16 h14,7/8 h12,0/12/0,91.66578125,89.65378125000001,1.34792680246181,0.8950251921354445,0.900820440850382,0.012611743755973808,0.14559540182012162,0.14984875762459965,0.0020645173387949696,0.9094244635943004,0.9231683909248574,0.0005527800320520836,0.9118283633466601,0.9268674643539893,0.0006261044702891221,82.9374201787995,85.90054687755837,0.0586254182376599,0.17588520221033802,0.14964779843030795,0.0010506331136961233,0.003614916286149163,0.006722475900558093,0.003128199506630778,116911.97838722229,117670.04581772741,157.05032718803096,35196.50119412518,35585.98881914585,44.8822980147393,19658.403375,19278.86952604167,76.34509069684677,54854.90456912518,54864.858345187524,120.88510404323517,756.0924375,741.4949817708333,2.9363496421860455,0.044079147640791475,0.04278348554033485,7.51702673711507e-05,177.2868662388352,265.9621866459316,2.604691292821286,-119436.45662370943,-116210.74215416925,234.46489425861728,-70228.66066776944,-67290.63494580578,158.75608655411108,,,,,,,,,
alt_tou1,True,5,,True,e2c97847a4,6/19 h12,8/5 h15,0/13/0,87.5985625,84.668015625,0.0,0.8748295237532908,0.8841941635736222,0.00941871140272205,0.14872549544610825,0.15418713054532637,0.00017996515013496582,0.8933825611823751,0.9022575669097505,0.0004961151949751235,0.8951177519059641,0.9052746077912187,0.0005595599324180013,79.12073877591119,80.91937649408914,0.11690873420962675,0.201378903139293,0.18400418218813927,0.000762636111513299,0.0,0.0012683916793505834,0.001336333555663716,114126.50296765137,114359.33299290594,133.47867917777432,34090.579512626544,34195.8666845216,39.39802294914532,19818.07059375001,19167.214625000008,13.112343673721114,53908.65010637655,53363.08130952161,51.47668376757252,762.233484375,737.2005625,0.5043209105274836,0.04662290715372907,0.04557394723490613,4.037492146726618e-05,113.37702033035819,175.7380501785193,2.0927897440415393,-132794.7502562029,-128906.51944389577,131.25813746060572,-73786.17289035497,-71425.7531568749,55.82283416831436,,,,,,,,,
alt_couple,True,5,,True,e2c97847a4,8/2 h10,7/22 h7,0/11/0,84.5979765625,85.53706510416667,0.22607754365580984,0.8543416348520714,0.8815826763380233,0.0012260219487170434,0.1539978646519258,0.15262822354560618,0.0005178118460007059,0.8887104221964413,0.9088146819138202,0.0005223204901301119,0.8897310532672421,0.9122083195388556,0.0006119803146613196,80.19009725906278,83.35609260896616,0.10740531564839544,0.21555912131374974,0.17400242343774786,0.0012197453804139293,0.0,0.0008878741755454084,0.0013763657035902274,114124.47184180832,114364.41287770716,159.15617559994527,34527.831405477256,34649.537765787674,51.85504314429664,19372.944906249995,19073.374937500004,18.259637149814036,53900.776311727255,53722.91270328767,55.67924905594018,745.1132656249999,733.59134375,0.7022937365309156,0.04876331811263318,0.045726788432267886,8.618532460354693e-05,80.60875205739474,202.2703943251312,3.2396503421186567,-133352.44595922402,-127314.70608068588,148.5823654265804,-74452.77906309576,-69700.90068223632,155.23875699590195,0.10272779315710068,0.0995227520664533,0.0011909239176775472,0.032906174659729004,0.03747931495308876,0.0006204625789557367,0.03380003944039345,0.026925234124064445,0.00038433804809000617
alt_couple_fixed,True,5,,True,e2c97847a4,8/5 h4,8/5 h15,0/14/0,92.238609375,84.06898697916667,0.6790737630622529,0.9279685405812607,0.9052908446011635,0.017721974498702903,0.1412588402126087,0.15369271319425004,0.0011751884611271224,0.901442513537552,0.9065792327842456,0.0010981608318745004,0.9032722980732627,0.9093197441913947,0.0012475572193326211,81.57874054425778,82.61666175459278,0.10568038988651804,0.18717576858980758,0.17531777693823405,0.0012369333835480316,0.0,0.0005707762557077625,0.00032953782487992335,114138.58629227447,113181.4942326037,105.86837896592235,34480.02522245707,34289.48640359764,23.805892950289852,19405.349234374997,18848.566716145837,63.857646341087346,53885.37445683207,53138.053119743476,45.02795462663693,746.3595859375,724.9448736979166,2.4560633208109683,0.045,0.04519913749365804,0.0001659655494369237,146.21252466477836,192.37239237937413,0.782983145848599,-129031.01348889543,-128287.86101252667,237.50290303519174,-71679.97636199139,-69801.97518568278,148.1780494921971,0.11999999731779099,0.11999999731779099,0.0,0.11999999731779099,0.11999999731779099,0.0,-0.031987983733415604,-0.032729544987281166,8.447564717333563e-05
alt_fixedref,True,5,,True,e2c97847a4,8/1 h11,8/5 h15,0/13/0,85.950515625,84.67536979166665,0.012737790313998482,0.8551861207992656,0.8756213144244941,0.00019370740418951733,0.15351249416365603,0.15563846187441047,0.0002647717837521237,0.9120548523864016,0.9192901038864529,0.00030860015880361145,0.9148322643123121,0.9233373210713545,0.00030099303526545337,83.65605658709107,85.02112191767365,0.09471899977244373,0.17019202773610198,0.1553684826679844,0.0004169537136687628,0.0,0.0006341958396752917,0.0007921103498729576,115583.6275274353,115445.79481213633,192.37297500899695,34994.2836765669,34959.755580987,64.18743478353113,19248.9301875,19107.8028984375,15.764962059317616,54243.2138640669,54067.55847942451,77.85129978573602,740.3434687499999,734.91549609375,0.6063446945893007,0.04489535768645358,0.04422691527143582,4.255732894421239e-05,197.13455641891562,254.34664375948182,1.2968922839412327,-126254.84950228652,-123158.7847755679,98.49156045154596,-70069.08121735218,-67997.40022629272,21.251104557237312,,,,,,,,,
mech_hetero_s0,True,5,,True,e2c97847a4,6/19 h12,8/5 h15,0/13/0,98.5515,92.85896874999999,1.7404671430534633e-14,0.9733457135877792,0.9514263298580644,0.01058334702742345,0.13956501222906528,0.14737229389196457,0.00021319881568129104,0.9089857383554544,0.924909703272148,0.00024372232025337263,0.911451211796715,0.9288268124122733,0.0002183979252478715,84.10845859121721,86.77424108458591,0.0827374652800966,0.1776463886716885,0.1471097942880019,0.0003816896548103426,0.0,0.0021562658548959918,0.0019526641702613714,120488.02981158829,119879.19168221664,173.4254181468715,36320.47589525121,36164.54142765687,69.538343673721,19998.900085937497,19548.17131380208,13.109646638540418,56319.375981188714,55712.71274145894,79.58025497848521,769.18846484375,751.8527428385418,0.5042171784050355,0.04171613394216134,0.03920471841704718,3.6149162861491595e-05,180.53626065573434,282.8821762144205,1.959049991100436,-121657.00848473978,-113028.88735668037,157.65344259218273,-70863.94265045246,-66586.67388285829,36.11888924562163,,,,,,,,,
mech_hetero_s1,True,5,,True,e2c97847a4,6/19 h12,8/5 h15,0/14/0,86.9505390625,84.45811979166666,0.18177512381516794,0.9265588827187218,0.9364710623711364,0.005770050637334106,0.15272927307683176,0.15686983318797065,0.0004489288457472206,0.900772072648,0.9129320182817433,0.00014087020760299014,0.9032723903828931,0.916632471230276,0.00016666267477977487,82.65546713822576,84.44477191603629,0.07954577514270489,0.19029351715864154,0.16700492305894854,0.00022278174462254198,0.0,0.0019660071029934043,0.0005812500881476206,116331.8593919716,116060.25221718343,196.62224954011972,35262.97285946358,35218.70783015063,66.5575952309215,19487.736937499987,19000.29404947916,43.34430826666603,54750.709796963565,54219.00187962979,109.85076273500401,749.52834375,730.7805403645833,1.6670887794874139,0.047783485540334854,0.046114916286149166,3.061924836269222e-05,157.00076096442226,228.8103834136641,1.134621113608862,-131291.68895782172,-125369.81630174066,288.7661697639421,-72693.05105281349,-69752.58839653031,102.063279156556,,,,,,,,,
mech_hetero_s2,True,5,,True,e2c97847a4,6/19 h11,8/12 h8,0/15/0,97.469296875,92.87132291666667,0.010699022175917497,0.9565386448148445,0.9418404660551042,0.0028211766697315258,0.13542923722866926,0.14279165453969497,0.00024244386767740314,0.9124725178544925,0.9269866607450257,0.00018855970324963573,0.9155264450566535,0.9314471424319107,0.00020671144468224453,84.99607034089792,87.28231325932477,0.08378266441402883,0.1700143912438385,0.14318234976637875,0.00043311729353887925,0.0,0.0012683916793505834,0.001162500176295241,115633.68655400467,116168.53525686644,185.40244633588927,35225.52513007686,35407.621861990185,69.82369364845071,20134.426406249997,19764.07434895835,68.14415857465065,55359.95153632686,55171.696210948525,88.50782706045833,774.401015625,760.1567057291667,2.620929175948109,0.04629185692541857,0.04429477422628108,7.33504448839452e-05,213.10071012768196,293.1550815670207,0.9123793353653653,-129472.62455518503,-119592.18254180816,610.8769107288283,-70352.18940105346,-66561.13788659511,248.56153838254937,,,,,,,,,
mech_hetero_nocong_s0,True,5,,True,e2c97847a4,6/19 h11,8/5 h15,0/12/0,96.7928515625,92.65693749999998,1.7404671430534633e-14,0.9640983882657623,0.9771166037475546,0.005106576398048768,0.1501893569344722,0.15412470145404103,0.0005505336885587367,0.939785717884067,0.9398397132417146,0.00020595036795900367,0.9422477285220952,0.9427902636428674,0.00019113033784169418,89.3152569014638,89.44051478534237,0.09020178099210054,0.12412026030385578,0.1235385233524348,0.0003991520092941313,0.0,0.0017757483510908167,0.000878767533013129,127346.36371654511,125099.13198933919,446.8543064144981,38520.3048975924,37864.18676539826,142.60030198339507,19639.959523437505,19331.333209635428,5.905627025550613,58160.264421029904,57195.51997503368,141.92669047997325,755.38305859375,743.5128157552084,0.22713950098241445,0.031898782343987825,0.0329337899543379,2.4733637747336584e-05,319.31635964959503,334.3836973357409,1.351024518297982,-95322.05524972596,-95468.43020791486,195.8774449890017,-61840.589563671296,-60969.35310130217,91.44938821551548,,,,,,,,,
mech_own,True,5,,True,e2c97847a4,6/19 h13,6/19 h11,0/12/0,96.09553125,91.93452864583332,1.380426531111387,0.9314423239535701,0.9194617483161713,0.015582653134430522,0.13632057438119444,0.14290475347485124,0.0022834522791019144,0.905527366144012,0.916694957001973,0.00016769631013541448,0.9077568801656264,0.9206015649232885,0.00018802913464283455,82.47912368602024,84.81776205914137,0.06114101588006449,0.18046546570970756,0.15889382924820242,0.00033501264337929676,0.0,0.001078132927447996,0.0010478634983421048,114754.23061548233,115069.47703260295,181.4282161125213,34724.13440690965,34874.84887014705,57.98209587117532,20046.724953125,19520.044611979178,54.9977568337975,54770.85936003465,54394.89348212623,42.829904151766314,771.0278828125,750.7709466145834,2.1152983397614418,0.046225266362252666,0.045216894977168944,6.543905449741271e-05,166.14700042674926,244.85524960957977,1.4365188392528008,-128898.81752224352,-125330.75352807021,153.41545391829055,-71337.65790235331,-68378.72287883905,110.11630493526015,,,,,,,,,
mech_building,True,5,,True,e2c97847a4,6/19 h12,6/19 h11,0/13/0,101.47609375,92.60787239583333,1.8922790330831836,0.9767847150921006,0.9280441665718087,0.015450157470869386,0.12912112042972884,0.14193187339051228,0.0031023194921673044,0.9100731609573053,0.9170713084050636,0.00017185721321617112,0.9128489813441013,0.9209853252223064,0.00018147024486232804,83.2350918557815,84.91485738612175,0.07608853702748798,0.17287601697584348,0.158084588996022,0.0002468496282079566,0.0,0.0010781329274479959,0.0008579242299891352,114779.71263525009,115107.24495204417,159.49143480024358,34777.40211817943,34951.36445677495,51.82426352298289,20287.49521093751,19585.930033854165,60.98002720772901,55064.89732911694,54537.294490629116,36.32322449567831,780.28827734375,753.3050013020833,2.3453856618359636,0.04578957382039574,0.04506595636732622,2.6726671113273255e-05,188.9801253957413,246.5215762975666,1.229922807273363,-128486.33288740252,-125513.39964908785,126.25153519206225,-70455.19198333999,-68278.67356384791,92.73044214603074,,,,,,,,,
mech_lag24,True,5,,True,e2c97847a4,6/19 h11,8/5 h15,0/14/0,103.8192578125,92.83416145833333,0.04296748956484596,1.0,0.9305416633594027,0.0012507706992162194,0.12769209079519564,0.14250367635239408,0.00019648273656310095,0.9161025475654632,0.9215841448408425,0.0001372034865307002,0.9191812226494444,0.925735391873688,0.00011359030680693255,84.4390411631791,85.66836951894425,0.06888355398973267,0.16345689751355025,0.15130645928902983,0.00013482013446481828,0.0,0.0008244545915778792,0.0009763320851306857,116130.42731118012,115887.8561622289,149.68945099081287,35318.183279958444,35306.415354328,51.06177320579096,20324.913882812503,19718.489070312495,12.020270287684294,55643.09716277095,55024.904424640496,54.20801355237855,781.72745703125,758.40342578125,0.4623180879877421,0.04530441400304414,0.044805301877219685,2.759298568976208e-05,214.7770272044535,264.2951070196519,1.0554561508636455,-125771.81617878066,-124567.02863054315,44.20156620885697,-70074.45772466579,-68251.9263074737,26.939847579754485,,,,,,,,,
mech_const,True,5,,True,e2c97847a4,6/19 h12,6/25 h9,0/14/0,102.7859375,92.877140625,0.0,0.9967136292017948,0.9613100707288317,0.0001250338383817767,0.1310549293406765,0.14431463132405176,0.00020324834950510794,0.9271629306289803,0.9278542250851344,0.00011109230621790994,0.9316141314885801,0.9328106867596149,3.959507439169026e-05,87.12005108556833,87.42885679667289,0.09874286698892586,0.14289828916349753,0.14073039169969226,0.00022188840025874775,0.0,0.0030441400304414,0.0018738313930357884,118002.48908019256,117414.92549570592,165.3636197197595,36316.81798747764,36058.33665282838,74.15054763100176,20514.368976562506,20098.708466145825,15.886457800690037,56831.18696404014,56157.04511897421,88.72927202281325,789.01419140625,773.0272486979167,0.6110176077187316,0.044739345509893454,0.04512366818873668,0.00010295090759869437,275.8502541923161,299.92158591319554,0.9076936146619804,-127616.8421504944,-126891.75701737194,199.90254905512433,-68061.80868156913,-67565.16540649791,24.518087862249637,,,,,,,,,
sw_c4_L1,True,5,,True,e2c97847a4,7/8 h12,6/19 h12,0/13/0,98.1139375,91.98224479166667,0.6197384576413787,0.9602391289130403,0.9234654385050632,0.006036572793528344,0.13507064466097374,0.14347200986458544,0.0009109725816045657,0.9167236656324802,0.9200966819462976,0.00046693392007049613,0.9199019579160295,0.9241143406328259,0.0005128767165752535,84.41300717162787,85.44208664898319,0.09741894588908166,0.16156201813494783,0.15303583530521367,0.0007359375931911634,0.0,0.0009512937595129375,0.0011881655248094365,116090.26002595901,115601.41480523045,158.33929653885644,35265.53632421369,35209.72908364995,48.2107531002847,20232.618351562498,19556.502671875,38.00491152023342,55498.15467577618,54766.231755524954,77.84361448728443,778.17762890625,752.1731796875,1.461727366163147,0.044318873668188735,0.04404236428209032,7.525048323792994e-05,218.17526687233627,259.78387518470123,2.489212519638661,-124581.70844980318,-123793.64938334627,113.685598811949,-69026.96229991464,-67471.90503129065,29.63682797418478,,,,,,,,,
mech_own_c8,True,5,,True,e2c97847a4,6/19 h14,8/5 h14,0/12/0,86.2963125,85.01494270833332,3.5186048543410036,0.8672570687543193,0.8770034367133165,0.019501313592630066,0.1471947177309505,0.15084218844645852,0.0061415835967485065,0.8630865063157412,0.8913623950138866,0.0010871285061721976,0.8622822338501948,0.8931253277111563,0.0011786158593064563,76.42793987621573,80.43701083930968,0.10307204117454843,0.25634889792618487,0.20091891345986515,0.0019012414678937675,0.0,0.0024733637747336376,0.002383935328413559,111272.6855106163,112210.63726197305,52.857338111649675,33299.26982499347,33718.08537198941,20.402317232824718,19683.658921875016,19067.92949479166,207.1924914453768,52982.928746868485,52786.01486678107,214.3658923119261,757.0638046875,733.3819036458334,7.9689419786677895,0.05208523592085236,0.047932521562658544,0.000147390169474341,-14.082884699565625,130.37288350664437,4.325323093567188,-142643.4966308088,-134320.71370928493,490.33615089167165,-79242.03656997216,-73082.5384326752,279.10130484260065,,,,,,,,,
mech_building_c8,True,5,,True,e2c97847a4,6/19 h14,8/5 h14,0/12/0,88.629640625,83.68945833333333,0.3838883129723443,0.8912673126191114,0.8741382213185261,0.017776392387407906,0.14321892949170792,0.15300546391884987,0.0006714738367801708,0.8657241958431052,0.8899482218591247,0.0005751450512319245,0.8651302139012782,0.8916312266836169,0.0005751736823100062,76.80223990568818,80.15407538396045,0.024424090590381833,0.2510914963675298,0.2038921391139873,0.0009978801954443474,0.0,0.0006976154236428209,0.0007689215913864878,111194.55412355423,112169.80868039704,28.64702712749314,33343.90633202592,33745.723245098496,8.894681747631024,19622.309281250004,19033.391067708348,107.3726164147471,52966.21561327593,52779.114312806836,99.02864206000905,754.704203125,732.0535026041666,4.129716015952086,0.0514783105022831,0.04794901065449011,3.805175038051889e-05,-1.3425711151737896,124.09111690999265,2.0698349015843545,-143048.004640904,-135706.69675579728,381.5556380802694,-78729.88755883543,-73416.86806869583,163.53444730201312,,,,,,,,,
mech_lag24_c8,True,5,,True,e2c97847a4,7/8 h11,8/5 h15,0/14/0,98.576484375,92.85896874999999,1.7404671430534633e-14,0.9385154552188985,0.9625095932242985,0.00022095460990930274,0.1322796064997103,0.14102266944946665,0.0002766546203086741,0.8925376168942832,0.9087142416311292,0.00011849531222040221,0.8938349795222325,0.9118595575235768,7.474172641286205e-05,80.73631987425091,83.23754789272031,0.14770647805289472,0.20755570338650392,0.17440557382966912,0.00010801914839995745,0.0,0.0005707762557077625,0.0008293186726675558,114227.4090140686,114714.12418173853,225.04319761805226,34463.668260381775,34715.30098693002,74.96657767076813,20314.939429687503,19811.182591145844,65.15147937292282,54778.60769006928,54526.483578075866,137.18167527332204,781.34382421875,761.9685611979166,2.5058261297279723,0.04861872146118722,0.04649479959411466,4.3399574101787976e-05,108.18517166039925,204.79643573240983,0.9911048558634316,-132895.7662621988,-128395.83272377658,167.9598658743846,-74890.50962182772,-70854.79828975105,25.594253892511098,,,,,,,,,
mech_const_c8,True,5,,True,e2c97847a4,6/19 h11,6/25 h9,0/15/0,103.3790703125,92.877140625,0.0,0.9936864138095981,0.9591062717447016,0.0007353219465251934,0.1297086992676468,0.1436279042588559,0.00016390531486975565,0.9233560966400803,0.9244958257971971,0.0002953828557979695,0.9282530116039744,0.9298455132026401,0.00027841541812017315,86.08114746045781,86.53223957821659,0.08358371592612208,0.1489789646048242,0.14590337205956763,0.00042832672390960726,0.0,0.004819888381532217,0.00390996008163327,117464.28313758087,116856.20177894847,133.35397913028345,35998.67571078732,35763.49961509946,48.656006990209164,20649.57334375,20216.081437500005,8.246558724942483,56648.249054537315,55979.581052599475,56.86193282653109,794.214359375,777.5415937500001,0.3171753355743471,0.045717275494672756,0.04607115677321157,8.586974198170916e-05,251.4579123833585,281.38090533933877,1.1079154653336871,-131020.36890199111,-129631.93391452341,99.16967817767626,-68804.67506167236,-68127.10739367195,28.9245570655069,,,,,,,,,
mech_hetero_s3,True,5,,True,e2c97847a4,6/19 h12,8/5 h15,0/13/0,96.0184375,92.85896874999999,1.7404671430534633e-14,0.9283912627862062,0.9416687150584111,0.004604331847873339,0.13738886902126238,0.14279015933920527,0.00028165633656010756,0.9113102667420953,0.9256558152089508,0.0007159556400267471,0.9146165756759586,0.9301613275977664,0.0007517461790931449,84.83102465861087,87.17686740675246,0.0844052866540549,0.17261095984837724,0.14521079435522466,0.0013748115332102115,0.0,0.0035514967021816335,0.002016503436781411,115560.73331182862,116151.87922844822,229.1118165246892,35166.6901784073,35343.213592265114,92.5388490727425,20027.886937500007,19663.610348958344,61.682349275020044,55194.577115907305,55006.82394122346,149.557321824194,770.3033437500001,756.2927057291666,2.372398049039703,0.04708904109589041,0.045168061897513954,0.0001670416944579637,209.713484469364,297.5249964352425,6.214175536327645,-130069.31278438066,-121355.81252110982,930.9420146108812,-70593.49647610396,-66808.68798924192,289.0200612281337,,,,,,,,,
mech_hetero_s4,True,5,,True,e2c97847a4,6/19 h11,7/16 h7,0/10/0,98.376203125,92.52947916666666,0.22076430918138093,0.9619015845173882,0.9303052724859698,0.0017018569104697001,0.13389720315898343,0.1433643214149056,0.00031602972101978685,0.903090619330936,0.9199236273537207,0.0008670561226518358,0.9061728387844886,0.9244038001376623,0.0008993125779893897,83.12211415659692,85.81425811310868,0.22359506340600338,0.18743102550975085,0.15554246689710585,0.000867871206821594,0.0,0.001014713343480467,0.0010478634983421048,115389.3344731369,116205.35941652807,470.99411001373295,35057.995136593396,35378.60728438345,175.81934742328403,20563.866984375,19816.70549218751,149.20724393030702,55621.86212096839,55195.312776570965,322.61540916005896,790.9179609375,762.18098046875,5.738740151165391,0.04824010654490107,0.046153602232369355,9.820620358129287e-05,165.13771209805088,261.7057196858836,2.3903165678704252,-136782.7765251922,-127943.71408901544,514.2981585265002,-72831.98388013597,-68884.89153632168,131.33441473898435,,,,,,,,,
mech_hetero_s5,True,5,,True,e2c97847a4,6/19 h11,8/5 h15,0/13/0,90.31396875,84.668015625,0.0,0.9476295592791836,0.9373522832738285,0.0029512191681045105,0.14686275996690143,0.15646043448828753,0.00029133558329322583,0.9043665235649254,0.9173612612822647,0.0002548674083347936,0.9068756429861431,0.9212485097338808,0.00032150500479666353,83.0381176932901,85.06352948881685,0.03164509320665246,0.18511215767278152,0.15982800585841764,0.0006561350422345411,0.0,0.001839167935058346,0.0017263644836144343,116190.5263362999,116045.4239246699,216.08121809309176,35253.82385471575,35196.74486497041,92.66558338800252,19805.14889843753,19022.758388020837,26.19770937690985,55058.972753153284,54219.50325299124,91.70520746264921,761.73649609375,731.6445533854167,1.0076042068039806,0.04758181126331811,0.0451566463723998,6.681667778318496e-05,168.07573576792672,247.38891613704678,1.1441110932284202,-131781.07222987455,-122570.01791865991,565.0163475911942,-72199.31601555011,-68535.77693699147,219.69552954146317,,,,,,,,,
mech_hetero_s6,True,5,,True,e2c97847a4,6/19 h12,8/5 h15,0/13/0,98.4190234375,84.92960416666666,0.45308464484451816,0.9591728634273704,0.8939019678102361,0.04111383973638207,0.1353601092406566,0.15586979323025305,0.0005812054701720917,0.907874824465536,0.9153686890342744,0.00030849894502150125,0.9109473530837985,0.9192937529976247,0.00031886517424544445,83.5258866293349,84.76847758456954,0.09771982208301444,0.17688844848538773,0.16101473510571815,0.0004981573765257115,0.0,0.0015220700152207,0.0012476100693116438,116700.80553140258,115963.0325108668,220.88196247726015,35397.83776122351,35225.81120765345,83.38348065249971,19634.73199999998,18986.079835937508,17.93591002201819,55032.569761223494,54211.891043590964,99.79394044713263,755.182,730.23383984375,0.6898426931550828,0.04607496194824962,0.04478500761035007,3.7908787757176944e-05,186.56779027942687,241.4939075951307,2.2660788399911413,-128779.78958733041,-124094.38675408285,414.1531185795013,-71175.50990383244,-68626.04117706385,111.27230647698951,,,,,,,,,
mech_hetero_s7,True,5,,True,e2c97847a4,8/5 h15,8/12 h8,0/8/0,84.668015625,83.807546875,0.7453152186467713,0.8979810375672204,0.9158642431004608,0.014748869042031947,0.1551013415338338,0.1574694486173218,0.0011483501922618991,0.8996379862388897,0.9144031701656239,0.0002675908665481328,0.9018624698134694,0.917771813559492,0.00023689157594962226,82.61813537675606,84.99099453122442,0.12387811432057165,0.19195495036159194,0.16335005916733883,0.0003358848179555674,0.0,0.0015854895991882292,0.001537843182772976,115037.39580197906,115601.87638192876,208.74705898299604,34824.779862357645,35006.77059402437,79.82067057844856,19204.134523437508,18881.441583333337,29.909783284367798,54028.91438579516,53888.21217735772,109.04220662539318,738.62055859375,726.2092916666667,1.1503762801679713,0.04770167427701674,0.04567224759005581,7.801382199229522e-05,149.6548361236156,240.72286739952688,1.9100247626136007,-132339.7673590455,-124396.1642534362,28.76568105318584,-72742.80343910391,-69199.7826131776,21.36277117342607,,,,,,,,,
tr_frz_01_baseline_var_s1,True,1,frz|01_baseline|W1,False,e2c97847a4,7/22 h12,7/22 h12,0/14/0,92.550265625,92.550265625,0.0,0.9640203923772269,0.9640203923772269,0.0,0.1468363860227391,0.1468363860227391,0.0,0.9344139149055061,0.9344139149055061,0.0,0.9379640893290212,0.9379640893290212,0.0,88.74152667256115,88.74152667256115,0.0,0.1318150047492816,0.1318150047492816,0.0,0.004375951293759513,0.004375951293759513,0.0,119046.17960121918,119046.17960121918,0.0,36691.40385060784,36691.40385060784,0.0,20407.33723437504,20407.33723437504,0.0,57098.74108498289,57098.74108498289,0.0,784.8975859375,784.8975859375,0.0,0.0434855403348554,0.0434855403348554,0.0,327.9179254639616,327.9179254639616,0.0,-117139.75323280701,-117139.75323280701,0.0,-66143.702171192,-66143.702171192,0.0,,,,,,,,,
tr_frz_01_baseline_var_s2,True,1,frz|01_baseline|W1,False,e2c97847a4,8/5 h3,8/5 h3,0/15/0,93.5280859375,93.5280859375,0.0,0.9659085692406045,0.9659085692406045,0.0,0.15342196227714633,0.15342196227714633,0.0,0.9330602046727012,0.9330602046727012,0.0,0.9365828625985191,0.9365828625985191,0.0,88.4178210040279,88.4178210040279,0.0,0.1355362871211067,0.1355362871211067,0.0,0.004946727549467275,0.004946727549467275,0.0,125699.53925959778,125699.53925959778,0.0,38836.18608331459,38836.18608331459,0.0,21006.913078124984,21006.913078124984,0.0,59843.099161439575,59843.099161439575,0.0,807.9581953125,807.9581953125,0.0,0.04304794520547945,0.04304794520547945,0.0,289.37110033664493,289.37110033664493,0.0,-121313.7739682669,-121313.7739682669,0.0,-69167.06645902645,-69167.06645902645,0.0,,,,,,,,,
tr_frz_01_baseline_var_s3,True,1,frz|01_baseline|W1,False,e2c97847a4,8/5 h3,8/5 h3,0/15/0,93.34640625,93.34640625,0.0,0.9607327446449356,0.9607327446449356,0.0,0.14513696706021428,0.14513696706021428,0.0,0.9358554230428613,0.9358554230428613,0.0,0.9388743636305116,0.9388743636305116,0.0,88.77836722664308,88.77836722664308,0.0,0.13212689921715218,0.13212689921715218,0.0,0.003995433789954338,0.003995433789954338,0.0,118680.60517247772,118680.60517247772,0.0,36635.7760515114,36635.7760515114,0.0,19945.449570312485,19945.449570312485,0.0,56581.22562182388,56581.22562182388,0.0,767.13267578125,767.13267578125,0.0,0.04105783866057839,0.04105783866057839,0.0,329.4608133272741,329.4608133272741,0.0,-114535.48617430891,-114535.48617430891,0.0,-65609.75877467889,-65609.75877467889,0.0,,,,,,,,,
tr_frz_01_baseline_var_s4,True,1,frz|01_baseline|W1,False,e2c97847a4,8/5 h14,8/5 h14,0/13/0,92.796953125,92.796953125,0.0,0.9514049479167858,0.9514049479167858,0.0,0.14948064562676447,0.14948064562676447,0.0,0.935190931006959,0.935190931006959,0.0,0.9382709077475145,0.9382709077475145,0.0,88.83190883190883,88.83190883190883,0.0,0.13211918611495624,0.13211918611495624,0.0,0.004375951293759513,0.004375951293759513,0.0,121513.01255621719,121513.01255621719,0.0,37540.301642434955,37540.301642434955,0.0,20102.24612500001,20102.24612500001,0.0,57642.54776743497,57642.54776743497,0.0,773.1633125,773.1633125,0.0,0.04146879756468798,0.04146879756468798,0.0,319.3266015637929,319.3266015637929,0.0,-116700.11986313773,-116700.11986313773,0.0,-66783.40730962675,-66783.40730962675,0.0,,,,,,,,,
tr_frz_01_baseline_var_s5,True,1,frz|01_baseline|W1,False,e2c97847a4,7/8 h12,7/8 h12,0/14/0,98.2008046875,98.2008046875,0.0,0.9912993332900119,0.9912993332900119,0.0,0.14047878150302834,0.14047878150302834,0.0,0.9336578845950827,0.9336578845950827,0.0,0.9364278910817749,0.9364278910817749,0.0,88.56174476864132,88.56174476864132,0.0,0.1379768209497684,0.1379768209497684,0.0,0.0045662100456621,0.0045662100456621,0.0,120845.33341362381,120845.33341362381,0.0,37324.98411071507,37324.98411071507,0.0,20511.42945312502,20511.42945312502,0.0,57836.41356384009,57836.41356384009,0.0,788.9011328125,788.9011328125,0.0,0.04140601217656012,0.04140601217656012,0.0,309.2815639335608,309.2815639335608,0.0,-116931.57753532127,-116931.57753532127,0.0,-67178.1814683755,-67178.1814683755,0.0,,,,,,,,,
tr_frz_01_baseline_hot,True,1,frz|01_baseline|W2_hot,False,e2c97847a4,6/17 h15,6/17 h15,0/12/0,103.75696875,103.75696875,0.0,0.9673656037530826,0.9673656037530826,0.0,0.20306694714952,0.20306694714952,0.0,0.8842055479564631,0.8842055479564631,0.0,0.8738175147171046,0.8738175147171046,0.0,80.16160723057276,80.16160723057276,0.0,0.2593676196438518,0.2593676196438518,0.0,0.0,0.0,0.0,184569.7913924637,184569.7913924637,0.0,59210.193209147066,59210.193209147066,0.0,23855.257968750015,23855.257968750015,0.0,83065.45117789708,83065.45117789708,0.0,917.509921875,917.509921875,0.0,0.04816971080669711,0.04816971080669711,0.0,-237.204540693364,-237.204540693364,0.0,-153016.03909433214,-153016.03909433214,0.0,-108595.2405178083,-108595.2405178083,0.0,,,,,,,,,
tr_frz_01_baseline_cool,True,1,frz|01_baseline|W2_cool,False,e2c97847a4,7/22 h15,7/22 h15,0/13/0,55.2134296875,55.2134296875,0.0,0.9846686911300402,0.9846686911300402,0.0,0.10916491981105116,0.10916491981105116,0.0,0.9374863463746149,0.9374863463746149,0.0,0.9351748115754465,0.9351748115754465,0.0,87.1971706454465,87.1971706454465,0.0,0.12709807341032497,0.12709807341032497,0.0,0.0028538812785388126,0.0028538812785388126,0.0,52799.75790912247,52799.75790912247,0.0,16598.58215484718,16598.58215484718,0.0,12310.799921875006,12310.799921875006,0.0,28909.382076722184,28909.382076722184,0.0,473.4923046875,473.4923046875,0.0,0.01931697108066971,0.01931697108066971,0.0,552.3522183870533,552.3522183870533,0.0,-59874.34639113406,-59874.34639113406,0.0,-40726.8416875982,-40726.8416875982,0.0,,,,,,,,,
tr_frz_04_full_var_s1,True,1,frz|04_full|W1,False,e2c97847a4,7/8 h11,7/8 h11,0/13/0,86.53,86.53,0.0,0.9448596918087556,0.9448596918087556,0.0,0.15113615008166575,0.15113615008166575,0.0,0.9061543380218764,0.9061543380218764,0.0,0.9100134098186835,0.9100134098186835,0.0,83.33775419982317,83.33775419982317,0.0,0.1755087404825419,0.1755087404825419,0.0,0.0013318112633181126,0.0013318112633181126,0.0,114561.62494312286,114561.62494312286,0.0,34540.15551582845,34540.15551582845,0.0,19786.23684375,19786.23684375,0.0,54326.39235957844,54326.39235957844,0.0,761.009109375,761.009109375,0.0,0.048262937595129375,0.048262937595129375,0.0,201.55427549798006,201.55427549798006,0.0,-129409.02214349413,-129409.02214349413,0.0,-70151.60809313432,-70151.60809313432,0.0,,,,,,,,,
tr_frz_04_full_var_s2,True,1,frz|04_full|W1,False,e2c97847a4,8/2 h12,8/2 h12,0/13/0,87.2809453125,87.2809453125,0.0,0.914847805520106,0.914847805520106,0.0,0.1580856447417192,0.1580856447417192,0.0,0.8983859137688022,0.8983859137688022,0.0,0.902148586597141,0.902148586597141,0.0,82.13184006287455,82.13184006287455,0.0,0.1895019737111176,0.1895019737111176,0.0,0.001141552511415525,0.001141552511415525,0.0,120869.2931373253,120869.2931373253,0.0,36430.67824817914,36430.67824817914,0.0,20323.9770703125,20323.9770703125,0.0,56754.65531849164,56754.65531849164,0.0,781.69142578125,781.69142578125,0.0,0.04870243531202435,0.04870243531202435,0.0,139.32153571633327,139.32153571633327,0.0,-136138.38342461322,-136138.38342461322,0.0,-74238.95022655894,-74238.95022655894,0.0,,,,,,,,,
tr_frz_04_full_var_s3,True,1,frz|04_full|W1,False,e2c97847a4,7/23 h7,7/23 h7,0/6/0,85.9900625,85.9900625,0.0,0.8883566083512592,0.8883566083512592,0.0,0.15172375747663788,0.15172375747663788,0.0,0.9065440986961157,0.9065440986961157,0.0,0.9096853098671636,0.9096853098671636,0.0,83.26112584733274,83.26112584733274,0.0,0.17777063199187854,0.17777063199187854,0.0,0.001141552511415525,0.001141552511415525,0.0,114289.40200020219,114289.40200020219,0.0,34466.90071421678,34466.90071421678,0.0,19498.33605078124,19498.33605078124,0.0,53965.23676499802,53965.23676499802,0.0,749.936001953125,749.936001953125,0.0,0.04568112633181126,0.04568112633181126,0.0,199.85718070503208,199.85718070503208,0.0,-127158.30115772763,-127158.30115772763,0.0,-69842.9136900693,-69842.9136900693,0.0,,,,,,,,,
tr_frz_04_full_var_s4,True,1,frz|04_full|W1,False,e2c97847a4,6/19 h11,6/19 h11,0/11/0,87.8646015625,87.8646015625,0.0,0.9253199844365486,0.9253199844365486,0.0,0.15195109242649243,0.15195109242649243,0.0,0.9045669471570532,0.9045669471570532,0.0,0.9077941343952242,0.9077941343952242,0.0,82.97229590333039,82.97229590333039,0.0,0.18008756821909033,0.18008756821909033,0.0,0.00076103500761035,0.00076103500761035,0.0,116955.83041103363,116955.83041103363,0.0,35299.64769536935,35299.64769536935,0.0,19529.28158593749,19529.28158593749,0.0,54828.92928130684,54828.92928130684,0.0,751.12621484375,751.12621484375,0.0,0.04657724505327245,0.04657724505327245,0.0,181.66767813613023,181.66767813613023,0.0,-129706.59792435647,-129706.59792435647,0.0,-71202.32937226762,-71202.32937226762,0.0,,,,,,,,,
tr_frz_04_full_var_s5,True,1,frz|04_full|W1,False,e2c97847a4,7/8 h12,7/8 h12,0/11/0,94.7886640625,94.7886640625,0.0,0.9597252158260782,0.9597252158260782,0.0,0.1405860794226369,0.1405860794226369,0.0,0.9048222173483941,0.9048222173483941,0.0,0.9078792899032432,0.9078792899032432,0.0,83.0405737302289,83.0405737302289,0.0,0.18226609666404345,0.18226609666404345,0.0,0.0009512937595129377,0.0009512937595129377,0.0,116735.46789128495,116735.46789128495,0.0,35249.91561723295,35249.91561723295,0.0,20067.892812500013,20067.892812500013,0.0,55317.80842973296,55317.80842973296,0.0,771.84203125,771.84203125,0.0,0.04609208523592085,0.04609208523592085,0.0,181.18426212781233,181.18426212781233,0.0,-129154.4591791723,-129154.4591791723,0.0,-71201.12020716509,-71201.12020716509,0.0,,,,,,,,,
tr_frz_04_full_hot,True,1,frz|04_full|W2_hot,False,e2c97847a4,10/1 h13,10/1 h13,0/15/0,102.67153125,102.67153125,0.0,0.9585035840207836,0.9585035840207836,0.0,0.2001973181082819,0.2001973181082819,0.0,0.8120650183382074,0.8120650183382074,0.0,0.7985094697976355,0.7985094697976355,0.0,66.33755771686806,66.33755771686806,0.0,0.3899412743807976,0.3899412743807976,0.0,0.0,0.0,0.0,180057.99117232894,180057.99117232894,0.0,56383.656105503534,56383.656105503534,0.0,23859.426703124995,23859.426703124995,0.0,80243.08280862853,80243.08280862853,0.0,917.6702578125,917.6702578125,0.0,0.06307077625570777,0.06307077625570777,0.0,-568.0660281578681,-568.0660281578681,0.0,-179835.56727364747,-179835.56727364747,0.0,-124300.04529840806,-124300.04529840806,0.0,,,,,,,,,
tr_frz_04_full_cool,True,1,frz|04_full|W2_cool,False,e2c97847a4,4/30 h15,4/30 h15,0/12/0,48.56049609375,48.56049609375,0.0,0.8970538352521826,0.8970538352521826,0.0,0.12055086661693211,0.12055086661693211,0.0,0.9291856489067842,0.9291856489067842,0.0,0.9272577547035384,0.9272577547035384,0.0,84.63454170350721,84.63454170350721,0.0,0.1425510159198396,0.1425510159198396,0.0,0.0005707762557077625,0.0005707762557077625,0.0,51281.126614059445,51281.126614059445,0.0,15913.44335781523,15913.44335781523,0.0,11905.621710937503,11905.621710937503,0.0,27819.06506875273,27819.06506875273,0.0,457.90852734375,457.90852734375,0.0,0.020386225266362253,0.020386225266362253,0.0,504.6166736675953,504.6166736675953,0.0,-63676.28333996643,-63676.28333996643,0.0,-41317.86732180835,-41317.86732180835,0.0,,,,,,,,,
tr_frz_alt_fixedref_var_s1,True,1,frz|alt_fixedref|W1,False,e2c97847a4,7/8 h11,7/8 h11,0/13/0,86.068109375,86.068109375,0.0,0.8978882321785878,0.8978882321785878,0.0,0.15298954194312647,0.15298954194312647,0.0,0.9099795506255188,0.9099795506255188,0.0,0.914038400048395,0.914038400048395,0.0,83.96993810786914,83.96993810786914,0.0,0.16892915928173036,0.16892915928173036,0.0,0.00076103500761035,0.00076103500761035,0.0,115347.48071172333,115347.48071172333,0.0,34810.076490456675,34810.076490456675,0.0,19686.566554687488,19686.566554687488,0.0,54496.64304514416,54496.64304514416,0.0,757.17563671875,757.17563671875,0.0,0.04769786910197869,0.04769786910197869,0.0,221.1949187121098,221.1949187121098,0.0,-127352.88547253716,-127352.88547253716,0.0,-69425.20446664552,-69425.20446664552,0.0,,,,,,,,,
tr_frz_alt_fixedref_var_s2,True,1,frz|alt_fixedref|W1,False,e2c97847a4,8/2 h12,8/2 h12,0/13/0,87.2296875,87.2296875,0.0,0.914230621172699,0.914230621172699,0.0,0.15921888912100923,0.15921888912100923,0.0,0.9029061337933578,0.9029061337933578,0.0,0.9068587052323211,0.9068587052323211,0.0,82.89861479516651,82.89861479516651,0.0,0.18182837084288517,0.18182837084288517,0.0,0.000380517503805175,0.000380517503805175,0.0,121664.2581329956,121664.2581329956,0.0,36713.9351806915,36713.9351806915,0.0,20388.40369921877,20388.40369921877,0.0,57102.33887991027,57102.33887991027,0.0,784.1693730468751,784.1693730468751,0.0,0.04802701674277017,0.04802701674277017,0.0,161.54799930572173,161.54799930572173,0.0,-133701.85152170082,-133701.85152170082,0.0,-73356.92828677577,-73356.92828677577,0.0,,,,,,,,,
tr_frz_alt_fixedref_var_s3,True,1,frz|alt_fixedref|W1,False,e2c97847a4,7/23 h7,7/23 h7,0/8/0,87.3306328125,87.3306328125,0.0,0.9316799038676222,0.9316799038676222,0.0,0.1503140044032738,0.1503140044032738,0.0,0.9106349480064354,0.9106349480064354,0.0,0.9139081192489839,0.9139081192489839,0.0,83.87267904509284,83.87267904509284,0.0,0.17064698146267665,0.17064698146267665,0.0,0.0,0.0,0.0,114992.6700160408,114992.6700160408,0.0,34705.81770849785,34705.81770849785,0.0,19503.062871093753,19503.062871093753,0.0,54208.880579591605,54208.880579591605,0.0,750.117802734375,750.117802734375,0.0,0.04497336377473364,0.04497336377473364,0.0,220.73461250500011,220.73461250500011,0.0,-124792.15345845968,-124792.15345845968,0.0,-68924.99860572338,-68924.99860572338,0.0,,,,,,,,,
tr_frz_alt_fixedref_var_s4,True,1,frz|alt_fixedref|W1,False,e2c97847a4,6/19 h11,6/19 h11,0/11/0,87.63309375,87.63309375,0.0,0.9240073423482755,0.9240073423482755,0.0,0.15338600124033352,0.15338600124033352,0.0,0.9091356295453097,0.9091356295453097,0.0,0.9125354724124985,0.9125354724124985,0.0,83.69928283721387,83.69928283721387,0.0,0.17234598697900655,0.17234598697900655,0.0,0.0001902587519025875,0.0001902587519025875,0.0,117749.20288129424,117749.20288129424,0.0,35567.56588859877,35567.56588859877,0.0,19724.880398437504,19724.880398437504,0.0,55292.44628703628,55292.44628703628,0.0,758.64924609375,758.64924609375,0.0,0.04586377473363775,0.04586377473363775,0.0,204.05103552710284,204.05103552710284,0.0,-127418.2105381903,-127418.2105381903,0.0,-70372.92116164045,-70372.92116164045,0.0,,,,,,,,,
tr_frz_alt_fixedref_var_s5,True,1,frz|alt_fixedref|W1,False,e2c97847a4,7/8 h12,7/8 h12,0/11/0,93.292,93.292,0.0,0.9775087273484612,0.9775087273484612,0.0,0.14366416877476926,0.14366416877476926,0.0,0.9076828778554751,0.9076828778554751,0.0,0.9108295490441121,0.9108295490441121,0.0,83.56027114647804,83.56027114647804,0.0,0.17770750102880678,0.17770750102880678,0.0,0.000380517503805175,0.000380517503805175,0.0,117407.80646802139,117407.80646802139,0.0,35466.06990302777,35466.06990302777,0.0,20208.017324218774,20208.017324218774,0.0,55674.08722724654,55674.08722724654,0.0,777.231435546875,777.231435546875,0.0,0.045692541856925416,0.045692541856925416,0.0,196.2704895090981,196.2704895090981,0.0,-127624.09803730632,-127624.09803730632,0.0,-70713.46449266825,-70713.46449266825,0.0,,,,,,,,,
tr_frz_alt_fixedref_hot,True,1,frz|alt_fixedref|W2_hot,False,e2c97847a4,10/1 h12,10/1 h12,0/15/0,102.0162890625,102.0162890625,0.0,0.9507868956956349,0.9507868956956349,0.0,0.20144365698295036,0.20144365698295036,0.0,0.8110313400396464,0.8110313400396464,0.0,0.7975054666489987,0.7975054666489987,0.0,66.23636899498968,66.23636899498968,0.0,0.3917348860944857,0.3917348860944857,0.0,0.0,0.0,0.0,180022.6808234787,180022.6808234787,0.0,56342.65033477197,56342.65033477197,0.0,23802.108585937516,23802.108585937516,0.0,80144.75892070949,80144.75892070949,0.0,915.46571484375,915.46571484375,0.0,0.06328957382039574,0.06328957382039574,0.0,-568.3699339652163,-568.3699339652163,0.0,-180450.56091614263,-180450.56091614263,0.0,-124547.35088621159,-124547.35088621159,0.0,,,,,,,,,
tr_frz_alt_fixedref_cool,True,1,frz|alt_fixedref|W2_cool,False,e2c97847a4,4/30 h15,4/30 h15,0/12/0,48.5076484375,48.5076484375,0.0,0.8971660685091657,0.8971660685091657,0.0,0.12168795572611489,0.12168795572611489,0.0,0.9302610235744599,0.9302610235744599,0.0,0.9284209583559607,0.9284209583559607,0.0,85.02259553983691,85.02259553983691,0.0,0.1400306013176444,0.1400306013176444,0.0,0.00076103500761035,0.00076103500761035,0.0,51708.49800085831,51708.49800085831,0.0,16045.604484351506,16045.604484351506,0.0,11890.960554687505,11890.960554687505,0.0,27936.56503903901,27936.56503903901,0.0,457.34463671875,457.34463671875,0.0,0.02012937595129376,0.02012937595129376,0.0,516.0062425288337,516.0062425288337,0.0,-62732.79194270514,-62732.79194270514,0.0,-40982.512763922765,-40982.512763922765,0.0,,,,,,,,,
tr_frz_sw_c8_L1_var_s1,True,1,frz|sw_c8_L1|W1,False,e2c97847a4,7/8 h12,7/8 h12,0/7/0,82.0483984375,82.0483984375,0.0,0.8788127470192576,0.8788127470192576,0.0,0.15782455859940442,0.15782455859940442,0.0,0.8833689695120235,0.8833689695120235,0.0,0.8854289258039187,0.8854289258039187,0.0,79.74506336575303,79.74506336575303,0.0,0.217317811601206,0.217317811601206,0.0,0.001141552511415525,0.001141552511415525,0.0,113435.44986055374,113435.44986055374,0.0,33908.274833633914,33908.274833633914,0.0,19701.05881249999,19701.05881249999,0.0,53609.333646133906,53609.333646133906,0.0,757.73303125,757.73303125,0.0,0.05147260273972603,0.05147260273972603,0.0,101.61220349741647,101.61220349741647,0.0,-137685.911768481,-137685.911768481,0.0,-74861.06114557372,-74861.06114557372,0.0,,,,,,,,,
tr_frz_sw_c8_L1_var_s2,True,1,frz|sw_c8_L1|W1,False,e2c97847a4,10/24 h15,10/24 h15,0/12/0,89.011328125,89.011328125,0.0,0.9246944296693637,0.9246944296693637,0.0,0.1531084170017928,0.1531084170017928,0.0,0.867616990430567,0.867616990430567,0.0,0.8688722433015029,0.8688722433015029,0.0,77.5311916691227,77.5311916691227,0.0,0.24636098077459045,0.24636098077459045,0.0,0.0009512937595129377,0.0009512937595129377,0.0,119384.63984934616,119384.63984934616,0.0,35660.111814195596,35660.111814195596,0.0,20259.368796875,20259.368796875,0.0,55919.4806110706,55919.4806110706,0.0,779.2064921875,779.2064921875,0.0,0.05283295281582953,0.05283295281582953,0.0,4.7705206054352525,4.7705206054352525,0.0,-146471.15118804574,-146471.15118804574,0.0,-80375.62171864789,-80375.62171864789,0.0,,,,,,,,,
tr_frz_sw_c8_L1_var_s3,True,1,frz|sw_c8_L1|W1,False,e2c97847a4,10/4 h15,10/4 h15,0/11/0,82.5486171875,82.5486171875,0.0,0.8721055425082531,0.8721055425082531,0.0,0.1562799935625017,0.1562799935625017,0.0,0.8815592293583048,0.8815592293583048,0.0,0.882694036003827,0.882694036003827,0.0,79.49700363493467,79.49700363493467,0.0,0.2237628504972071,0.2237628504972071,0.0,0.0013318112633181126,0.0013318112633181126,0.0,113010.10889686584,113010.10889686584,0.0,33791.42001145148,33791.42001145148,0.0,19268.744523437497,19268.744523437497,0.0,53060.16453488898,53060.16453488898,0.0,741.10555859375,741.10555859375,0.0,0.048932648401826484,0.048932648401826484,0.0,91.1168144469257,91.1168144469257,0.0,-135914.9995496091,-135914.9995496091,0.0,-74802.51644582865,-74802.51644582865,0.0,,,,,,,,,
tr_frz_sw_c8_L1_var_s4,True,1,frz|sw_c8_L1|W1,False,e2c97847a4,7/22 h4,7/22 h4,0/14/0,90.7560078125,90.7560078125,0.0,0.9415012793317915,0.9415012793317915,0.0,0.14562848958925678,0.14562848958925678,0.0,0.8810659265382609,0.8810659265382609,0.0,0.8824531692275769,0.8824531692275769,0.0,79.3285195009333,79.3285195009333,0.0,0.2230503516272628,0.2230503516272628,0.0,0.001141552511415525,0.001141552511415525,0.0,115777.94456863403,115777.94456863403,0.0,34641.343845147036,34641.343845147036,0.0,19548.64163281251,19548.64163281251,0.0,54189.98547795955,54189.98547795955,0.0,751.87083203125,751.87083203125,0.0,0.04969748858447488,0.04969748858447488,0.0,79.0751334902488,79.0751334902488,0.0,-138061.01303077533,-138061.01303077533,0.0,-76051.83413899915,-76051.83413899915,0.0,,,,,,,,,
tr_frz_sw_c8_L1_var_s5,True,1,frz|sw_c8_L1|W1,False,e2c97847a4,7/8 h12,7/8 h12,0/10/0,94.500703125,94.500703125,0.0,0.9538445745296542,0.9538445745296542,0.0,0.13969290613901283,0.13969290613901283,0.0,0.884344618963057,0.884344618963057,0.0,0.8858687911981938,0.8858687911981938,0.0,79.82414775518224,79.82414775518224,0.0,0.21875007610000605,0.21875007610000605,0.0,0.00076103500761035,0.00076103500761035,0.0,115641.44198099137,115641.44198099137,0.0,34630.971080635274,34630.971080635274,0.0,20074.554093749983,20074.554093749983,0.0,54705.52517438526,54705.52517438526,0.0,772.098234375,772.098234375,0.0,0.04870433789954338,0.04870433789954338,0.0,95.22087244546812,95.22087244546812,0.0,-136793.1819318285,-136793.1819318285,0.0,-75335.61475054642,-75335.61475054642,0.0,,,,,,,,,
tr_frz_sw_c8_L1_hot,True,1,frz|sw_c8_L1|W2_hot,False,e2c97847a4,10/1 h13,10/1 h13,0/15/0,101.5923984375,101.5923984375,0.0,0.9164658631128602,0.9164658631128602,0.0,0.19623920613851548,0.19623920613851548,0.0,0.7517521021747524,0.7517521021747524,0.0,0.7331657933969915,0.7331657933969915,0.0,54.52844090775125,54.52844090775125,0.0,0.504178714012041,0.504178714012041,0.0,0.0001902587519025875,0.0001902587519025875,0.0,174642.96578316498,174642.96578316498,0.0,54063.895047513186,54063.895047513186,0.0,23545.182781249994,23545.182781249994,0.0,77609.07782876318,77609.07782876318,0.0,905.583953125,905.583953125,0.0,0.07148211567732116,0.07148211567732116,0.0,-833.58238233123,-833.58238233123,0.0,-200294.56471268658,-200294.56471268658,0.0,-136953.00779135237,-136953.00779135237,0.0,,,,,,,,,
tr_frz_sw_c8_L1_cool,True,1,frz|sw_c8_L1|W2_cool,False,e2c97847a4,4/30 h15,4/30 h15,0/12/0,48.8743671875,48.8743671875,0.0,0.8978543100076193,0.8978543100076193,0.0,0.11942367725513364,0.11942367725513364,0.0,0.926740669630225,0.926740669630225,0.0,0.924630607679517,0.924630607679517,0.0,83.32793005206798,83.32793005206798,0.0,0.1478254515642922,0.1478254515642922,0.0,0.00076103500761035,0.00076103500761035,0.0,51129.98828070831,51129.98828070831,0.0,15825.7697466733,15825.7697466733,0.0,11894.528445312499,11894.528445312499,0.0,27720.2981919858,27720.2981919858,0.0,457.48186328125,457.48186328125,0.0,0.02048896499238965,0.02048896499238965,0.0,492.1982298510011,492.1982298510011,0.0,-64922.34449389785,-64922.34449389785,0.0,-42148.61094235717,-42148.61094235717,0.0,,,,,,,,,
tr_frz_mech_const_var_s1,True,1,frz|mech_const|W1,False,e2c97847a4,7/22 h12,7/22 h12,0/13/0,92.8971875,92.8971875,0.0,0.9536104340715955,0.9536104340715955,0.0,0.14383164103615922,0.14383164103615922,0.0,0.9253399748323828,0.9253399748323828,0.0,0.9308851631992666,0.9308851631992666,0.0,87.09106984969054,87.09106984969054,0.0,0.14406524582407612,0.14406524582407612,0.0,0.0017123287671232876,0.0017123287671232876,0.0,117047.2211497345,117047.2211497345,0.0,35790.210834398255,35790.210834398255,0.0,20848.0923828125,20848.0923828125,0.0,56638.303217210756,56638.303217210756,0.0,801.84970703125,801.84970703125,0.0,0.04802511415525114,0.04802511415525114,0.0,294.1178171581934,294.1178171581934,0.0,-128353.08152380618,-128353.08152380618,0.0,-67866.22239453917,-67866.22239453917,0.0,,,,,,,,,
tr_frz_mech_const_var_s2,True,1,frz|mech_const|W1,False,e2c97847a4,7/15 h12,7/15 h12,0/15/0,93.7866796875,93.7866796875,0.0,0.9540737534410412,0.9540737534410412,0.0,0.15036547382545112,0.15036547382545112,0.0,0.9231497725160005,0.9231497725160005,0.0,0.9289135355126324,0.9289135355126324,0.0,86.56105707829845,86.56105707829845,0.0,0.1488935372979109,0.1488935372979109,0.0,0.002663622526636225,0.002663622526636225,0.0,123535.95992040634,123535.95992040634,0.0,37855.44252171459,37855.44252171459,0.0,21232.017523437502,21232.017523437502,0.0,59087.4600451521,59087.4600451521,0.0,816.61605859375,816.61605859375,0.0,0.047770167427701675,0.047770167427701675,0.0,251.9194709927818,251.9194709927818,0.0,-133475.92992081356,-133475.92992081356,0.0,-70987.97900225424,-70987.97900225424,0.0,,,,,,,,,
tr_frz_mech_const_var_s3,True,1,frz|mech_const|W1,False,e2c97847a4,7/22 h14,7/22 h14,0/14/0,92.8969765625,92.8969765625,0.0,0.9498251138565541,0.9498251138565541,0.0,0.14342445572562773,0.14342445572562773,0.0,0.9274244247604145,0.9274244247604145,0.0,0.9322360283048753,0.9322360283048753,0.0,87.18734649769132,87.18734649769132,0.0,0.14365469273397527,0.14365469273397527,0.0,0.0028538812785388126,0.0028538812785388126,0.0,116715.59712580872,116715.59712580872,0.0,35738.826209059545,35738.826209059545,0.0,20386.40880859378,20386.40880859378,0.0,56125.23501765332,56125.23501765332,0.0,784.092646484375,784.092646484375,0.0,0.044960045662100455,0.044960045662100455,0.0,297.7801637928218,297.7801637928218,0.0,-125157.88564356472,-125157.88564356472,0.0,-67203.0856777286,-67203.0856777286,0.0,,,,,,,,,
tr_frz_mech_const_var_s4,True,1,frz|mech_const|W1,False,e2c97847a4,6/19 h12,6/19 h12,0/11/0,93.201984375,93.201984375,0.0,0.9395688560903259,0.9395688560903259,0.0,0.14627200596579118,0.14627200596579118,0.0,0.9267373311396703,0.9267373311396703,0.0,0.9317210451014957,0.9317210451014957,0.0,87.21141565969153,87.21141565969153,0.0,0.1435899312679584,0.1435899312679584,0.0,0.00228310502283105,0.00228310502283105,0.0,119423.68903922653,119423.68903922653,0.0,36600.89655338171,36600.89655338171,0.0,20742.399843749994,20742.399843749994,0.0,57343.29639713171,57343.29639713171,0.0,797.784609375,797.784609375,0.0,0.04567541856925419,0.04567541856925419,0.0,287.806741375522,287.806741375522,0.0,-127469.888418121,-127469.888418121,0.0,-68284.105207569,-68284.105207569,0.0,,,,,,,,,
tr_frz_mech_const_var_s5,True,1,frz|mech_const|W1,False,e2c97847a4,7/8 h12,7/8 h12,0/14/0,99.0891015625,99.0891015625,0.0,0.9969036450069733,0.9969036450069733,0.0,0.13703957471325695,0.13703957471325695,0.0,0.9250679798361816,0.9250679798361816,0.0,0.9297269071149564,0.9297269071149564,0.0,86.96974162491404,86.96974162491404,0.0,0.14967018644940178,0.14967018644940178,0.0,0.0024733637747336376,0.0024733637747336376,0.0,118953.16423075103,118953.16423075103,0.0,36465.16006738284,36465.16006738284,0.0,20859.797562500007,20859.797562500007,0.0,57324.95762988285,57324.95762988285,0.0,802.29990625,802.29990625,0.0,0.045386225266362254,0.045386225266362254,0.0,277.528555684188,277.528555684188,0.0,-127605.26809478944,-127605.26809478944,0.0,-68672.709015694,-68672.709015694,0.0,,,,,,,,,
tr_frz_mech_const_hot,True,1,frz|mech_const|W2_hot,False,e2c97847a4,6/17 h15,6/17 h15,0/12/0,104.6849921875,104.6849921875,0.0,0.9698226974596689,0.9698226974596689,0.0,0.20318165597071303,0.20318165597071303,0.0,0.8656087405730627,0.8656087405730627,0.0,0.8563937588959643,0.8563937588959643,0.0,76.66470183711563,76.66470183711563,0.0,0.29247157818934455,0.29247157818934455,0.0,0.0001902587519025875,0.0001902587519025875,0.0,186325.8137951317,186325.8137951317,0.0,59353.045058294454,59353.045058294454,0.0,24434.671726562516,24434.671726562516,0.0,83787.71678485697,83787.71678485697,0.0,939.79506640625,939.79506640625,0.0,0.05788051750380518,0.05788051750380518,0.0,-328.5259140490233,-328.5259140490233,0.0,-174781.79750451772,-174781.79750451772,0.0,-115802.74380175503,-115802.74380175503,0.0,,,,,,,,,
tr_frz_mech_const_cool,True,1,frz|mech_const|W2_cool,False,e2c97847a4,7/22 h15,7/22 h15,0/14/0,58.13805078125,58.13805078125,0.0,0.9963768890906581,0.9963768890906581,0.0,0.10268351123716497,0.10268351123716497,0.0,0.931840194667509,0.931840194667509,0.0,0.9306776985644661,0.9306776985644661,0.0,86.33018960605168,86.33018960605168,0.0,0.1350243733174934,0.1350243733174934,0.0,0.0019025875190258753,0.0019025875190258753,0.0,52295.61611056137,52295.61611056137,0.0,16300.59247296862,16300.59247296862,0.0,12720.825457031251,12720.825457031251,0.0,29021.417929999872,29021.417929999872,0.0,489.262517578125,489.262517578125,0.0,0.020646879756468797,0.020646879756468797,0.0,537.8281450346328,537.8281450346328,0.0,-66126.83060968417,-66126.83060968417,0.0,-41986.138131851425,-41986.138131851425,0.0,,,,,,,,,
tr_frz_02_learnC_var_s1,True,1,frz|02_learnC|W1,False,e2c97847a4,7/22 h12,7/22 h12,0/12/0,92.550265625,92.550265625,0.0,0.974014997861363,0.974014997861363,0.0,0.14848408727161008,0.14848408727161008,0.0,0.9349424754475492,0.9349424754475492,0.0,0.9392534379962699,0.9392534379962699,0.0,88.71893113272424,88.71893113272424,0.0,0.12934814566115585,0.12934814566115585,0.0,0.0,0.0,0.0,120382.0374503212,120382.0374503212,0.0,36647.33426119418,36647.33426119418,0.0,20386.062023437524,20386.062023437524,0.0,57033.3962846317,57033.3962846317,0.0,784.07930859375,784.07930859375,0.0,0.041537290715372904,0.041537290715372904,0.0,329.9299799299327,329.9299799299327,0.0,-106843.38149182436,-106843.38149182436,0.0,-62607.532815121864,-62607.532815121864,0.0,,,,,,,,,
tr_frz_02_learnC_var_s2,True,1,frz|02_learnC|W1,False,e2c97847a4,7/15 h10,7/15 h10,0/15/0,92.810953125,92.810953125,0.0,0.9684911651336187,0.9684911651336187,0.0,0.15630634056521348,0.15630634056521348,0.0,0.9338530681927243,0.9338530681927243,0.0,0.9382025253701809,0.9382025253701809,0.0,88.42469790745653,88.42469790745653,0.0,0.13262577920007332,0.13262577920007332,0.0,0.0,0.0,0.0,127080.79831868362,127080.79831868362,0.0,38776.03392237969,38776.03392237969,0.0,20885.027921875022,20885.027921875022,0.0,59661.06184425471,59661.06184425471,0.0,803.2703046875,803.2703046875,0.0,0.04107496194824962,0.04107496194824962,0.0,292.6430033109763,292.6430033109763,0.0,-110575.62556107923,-110575.62556107923,0.0,-65417.61355773571,-65417.61355773571,0.0,,,,,,,,,
tr_frz_02_learnC_var_s3,True,1,frz|02_learnC|W1,False,e2c97847a4,6/24 h15,6/24 h15,0/8/0,92.4453125,92.4453125,0.0,0.9700107362429345,0.9700107362429345,0.0,0.148384005630214,0.148384005630214,0.0,0.9363279688130107,0.9363279688130107,0.0,0.9399505625834379,0.9399505625834379,0.0,88.77591118970429,88.77591118970429,0.0,0.13001286504263693,0.13001286504263693,0.0,0.0,0.0,0.0,120164.47454946517,120164.47454946517,0.0,36645.14258094736,36645.14258094736,0.0,19884.185039062493,19884.185039062493,0.0,56529.32762000985,56529.32762000985,0.0,764.77634765625,764.77634765625,0.0,0.03900304414003044,0.03900304414003044,0.0,330.44012304419465,330.44012304419465,0.0,-104420.28454473209,-104420.28454473209,0.0,-62131.62593143937,-62131.62593143937,0.0,,,,,,,,,
tr_frz_02_learnC_var_s4,True,1,frz|02_learnC|W1,False,e2c97847a4,8/5 h14,8/5 h14,0/12/0,92.796953125,92.796953125,0.0,0.9551659707061109,0.9551659707061109,0.0,0.15121586548081267,0.15121586548081267,0.0,0.9359654705642572,0.9359654705642572,0.0,0.9397325239600183,0.9397325239600183,0.0,88.86924059337854,88.86924059337854,0.0,0.12941465756082482,0.12941465756082482,0.0,0.0,0.0,0.0,122923.5750476265,122923.5750476265,0.0,37507.30058783503,37507.30058783503,0.0,20135.408210937494,20135.408210937494,0.0,57642.708798772524,57642.708798772524,0.0,774.43877734375,774.43877734375,0.0,0.03920471841704718,0.03920471841704718,0.0,321.5782777468806,321.5782777468806,0.0,-105822.34395179719,-105822.34395179719,0.0,-63075.33951347358,-63075.33951347358,0.0,,,,,,,,,
tr_frz_02_learnC_var_s5,True,1,frz|02_learnC|W1,False,e2c97847a4,7/8 h12,7/8 h12,0/14/0,96.399609375,96.399609375,0.0,0.9729586268180448,0.9729586268180448,0.0,0.1450813874674471,0.1450813874674471,0.0,0.9342592107394779,0.9342592107394779,0.0,0.9377257244075703,0.9377257244075703,0.0,88.57500736811082,88.57500736811082,0.0,0.13536499666668753,0.13536499666668753,0.0,0.0,0.0,0.0,122515.5123359375,122515.5123359375,0.0,37369.87930783047,37369.87930783047,0.0,20229.795726562497,20229.795726562497,0.0,57599.675034392974,57599.675034392974,0.0,778.0690664062499,778.0690664062499,0.0,0.039168569254185694,0.039168569254185694,0.0,312.0589287440696,312.0589287440696,0.0,-106110.79311301788,-106110.79311301788,0.0,-63367.80207604482,-63367.80207604482,0.0,,,,,,,,,
tr_frz_02_learnC_hot,True,1,frz|02_learnC|W2_hot,False,e2c97847a4,6/17 h15,6/17 h15,0/12/0,102.4267109375,102.4267109375,0.0,0.9815952527395357,0.9815952527395357,0.0,0.2062973992631071,0.2062973992631071,0.0,0.885517544614244,0.885517544614244,0.0,0.8740540569686025,0.8740540569686025,0.0,79.75783475783476,79.75783475783476,0.0,0.25838404811076215,0.25838404811076215,0.0,0.0,0.0,0.0,185101.9893537674,185101.9893537674,0.0,58845.43930155909,58845.43930155909,0.0,23571.75925,23571.75925,0.0,82417.1985515591,82417.1985515591,0.0,906.606125,906.606125,0.0,0.04506468797564688,0.04506468797564688,0.0,-237.01719210178442,-237.01719210178442,0.0,-133946.9916465046,-133946.9916465046,0.0,-104765.35093708907,-104765.35093708907,0.0,,,,,,,,,
tr_frz_02_learnC_cool,True,1,frz|02_learnC|W2_cool,False,e2c97847a4,7/22 h15,7/22 h15,0/13/0,55.2989140625,55.2989140625,0.0,0.9966805366379683,0.9966805366379683,0.0,0.11225488521839003,0.11225488521839003,0.0,0.93562531036563,0.93562531036563,0.0,0.9338378652100221,0.9338378652100221,0.0,86.79732783181059,86.79732783181059,0.0,0.12908278515020633,0.12908278515020633,0.0,0.0,0.0,0.0,54378.341676898955,54378.341676898955,0.0,16896.79676448018,16896.79676448018,0.0,12353.516652343735,12353.516652343735,0.0,29250.313416823912,29250.313416823912,0.0,475.135255859375,475.135255859375,0.0,0.01874048706240487,0.01874048706240487,0.0,536.336242219807,536.336242219807,0.0,-60506.694928084784,-60506.694928084784,0.0,-39773.87485626611,-39773.87485626611,0.0,,,,,,,,,
tr_frz_03_cong5_var_s1,True,1,frz|03_cong5|W1,False,e2c97847a4,6/19 h12,6/19 h12,0/11/0,93.581203125,93.581203125,0.0,0.9336117835421543,0.9336117835421543,0.0,0.14200399197591002,0.14200399197591002,0.0,0.9241813614268525,0.9241813614268525,0.0,0.9277519077763432,0.9277519077763432,0.0,86.58168778858433,86.58168778858433,0.0,0.14816681514005053,0.14816681514005053,0.0,0.002092846270928463,0.002092846270928463,0.0,116410.80269868851,116410.80269868851,0.0,35572.885424319786,35572.885424319786,0.0,20227.102187500008,20227.102187500008,0.0,55799.98761181979,55799.98761181979,0.0,777.96546875,777.96546875,0.0,0.04651255707762557,0.04651255707762557,0.0,279.3839099810307,279.3839099810307,0.0,-124833.51172517391,-124833.51172517391,0.0,-68225.17237656619,-68225.17237656619,0.0,,,,,,,,,
tr_frz_03_cong5_var_s2,True,1,frz|03_cong5|W1,False,e2c97847a4,6/19 h11,6/19 h11,0/12/0,95.8678046875,95.8678046875,0.0,0.9462278327384026,0.9462278327384026,0.0,0.1463188766205841,0.1463188766205841,0.0,0.9185601745338985,0.9185601745338985,0.0,0.9219947115669394,0.9219947115669394,0.0,85.65035858139306,85.65035858139306,0.0,0.15833412034887012,0.15833412034887012,0.0,0.002092846270928463,0.002092846270928463,0.0,122878.88069697953,122878.88069697953,0.0,37574.91330659146,37574.91330659146,0.0,20798.460109375024,20798.460109375024,0.0,58373.37341596648,58373.37341596648,0.0,799.9407734375,799.9407734375,0.0,0.04667427701674277,0.04667427701674277,0.0,225.3069228312528,225.3069228312528,0.0,-130955.94752897402,-130955.94752897402,0.0,-71937.28273521372,-71937.28273521372,0.0,,,,,,,,,
tr_frz_03_cong5_var_s3,True,1,frz|03_cong5|W1,False,e2c97847a4,6/19 h12,6/19 h12,0/11/0,95.0574140625,95.0574140625,0.0,0.9428890624285914,0.9428890624285914,0.0,0.139070423846112,0.139070423846112,0.0,0.9249302382466563,0.9249302382466563,0.0,0.9279029657155706,0.9279029657155706,0.0,86.46035956380784,86.46035956380784,0.0,0.1493512578768983,0.1493512578768983,0.0,0.0013318112633181126,0.0013318112633181126,0.0,115804.35180327225,115804.35180327225,0.0,35424.10059263662,35424.10059263662,0.0,20119.120582031253,20119.120582031253,0.0,55543.22117466787,55543.22117466787,0.0,773.812330078125,773.812330078125,0.0,0.04385083713850837,0.04385083713850837,0.0,280.07014970289976,280.07014970289976,0.0,-122256.76731010473,-122256.76731010473,0.0,-67596.74386244615,-67596.74386244615,0.0,,,,,,,,,
tr_frz_03_cong5_var_s4,True,1,frz|03_cong5|W1,False,e2c97847a4,6/19 h12,6/19 h12,0/13/0,97.8907734375,97.8907734375,0.0,0.9511744375363823,0.9511744375363823,0.0,0.13852248697731503,0.13852248697731503,0.0,0.9245941981668251,0.9245941981668251,0.0,0.9277928513572204,0.9277928513572204,0.0,86.56253070046174,86.56253070046174,0.0,0.1489637876519615,0.1489637876519615,0.0,0.0019025875190258753,0.0019025875190258753,0.0,118786.24288497162,118786.24288497162,0.0,36357.37097153132,36357.37097153132,0.0,20236.583249999996,20236.583249999996,0.0,56593.95422153132,56593.95422153132,0.0,778.330125,778.330125,0.0,0.04455479452054795,0.04455479452054795,0.0,269.20755979150226,269.20755979150226,0.0,-124695.42879467817,-124695.42879467817,0.0,-68860.71388496354,-68860.71388496354,0.0,,,,,,,,,
tr_frz_03_cong5_var_s5,True,1,frz|03_cong5|W1,False,e2c97847a4,7/8 h12,7/8 h12,0/14/0,99.0276328125,99.0276328125,0.0,0.9853448001715912,0.9853448001715912,0.0,0.13637542204533082,0.13637542204533082,0.0,0.9228892979436324,0.9228892979436324,0.0,0.9256662379789986,0.9256662379789986,0.0,86.28205128205128,86.28205128205128,0.0,0.15565880358670003,0.15565880358670003,0.0,0.002663622526636225,0.002663622526636225,0.0,118303.23251804351,118303.23251804351,0.0,36213.69235894443,36213.69235894443,0.0,20583.46336718751,20583.46336718751,0.0,56797.15572613194,56797.15572613194,0.0,791.67166796875,791.67166796875,0.0,0.04438165905631659,0.04438165905631659,0.0,258.4622866587709,258.4622866587709,0.0,-124648.59877537246,-124648.59877537246,0.0,-69261.78152148363,-69261.78152148363,0.0,,,,,,,,,
tr_frz_03_cong5_hot,True,1,frz|03_cong5|W2_hot,False,e2c97847a4,6/17 h15,6/17 h15,0/13/0,106.3664453125,106.3664453125,0.0,0.9500199239620465,0.9500199239620465,0.0,0.19753571471553238,0.19753571471553238,0.0,0.8584459544749633,0.8584459544749633,0.0,0.8469668636688643,0.8469668636688643,0.0,75.30258375085961,75.30258375085961,0.0,0.30794676301849094,0.30794676301849094,0.0,0.000380517503805175,0.000380517503805175,0.0,184057.86493782426,184057.86493782426,0.0,58428.53172462588,58428.53172462588,0.0,25115.728320312515,25115.728320312515,0.0,83544.26004493839,83544.26004493839,0.0,965.98955078125,965.98955078125,0.0,0.058042237442922376,0.058042237442922376,0.0,-361.19544306652193,-361.19544306652193,0.0,-169718.87607009072,-169718.87607009072,0.0,-116807.64900741093,-116807.64900741093,0.0,,,,,,,,,
tr_frz_03_cong5_cool,True,1,frz|03_cong5|W2_cool,False,e2c97847a4,7/22 h15,7/22 h15,0/14/0,57.48611328125,57.48611328125,0.0,0.9986684424163197,0.9986684424163197,0.0,0.10278357741418023,0.10278357741418023,0.0,0.9373646762530801,0.9373646762530801,0.0,0.9352443737817521,0.9352443737817521,0.0,87.09106984969054,87.09106984969054,0.0,0.12661954491601438,0.12661954491601438,0.0,0.00228310502283105,0.00228310502283105,0.0,51759.58456222916,51759.58456222916,0.0,16238.045862018942,16238.045862018942,0.0,12597.458960937498,12597.458960937498,0.0,28835.50482295644,28835.50482295644,0.0,484.51765234375,484.51765234375,0.0,0.019341704718417046,0.019341704718417046,0.0,561.6478950006496,561.6478950006496,0.0,-59628.295244848014,-59628.295244848014,0.0,-40246.71989463393,-40246.71989463393,0.0,,,,,,,,,
tr_frz_sw_c3_L1_var_s1,True,1,frz|sw_c3_L1|W1,False,e2c97847a4,6/19 h12,6/19 h12,0/11/0,92.751078125,92.751078125,0.0,0.9286737797803132,0.9286737797803132,0.0,0.1446772368910595,0.1446772368910595,0.0,0.9272748360050772,0.9272748360050772,0.0,0.9324487464150361,0.9324487464150361,0.0,87.25120345810001,87.25120345810001,0.0,0.14115529916693717,0.14115529916693717,0.0,0.0013318112633181126,0.0013318112633181126,0.0,117550.17458769608,117550.17458769608,0.0,35702.53301707661,35702.53301707661,0.0,20646.52260937502,20646.52260937502,0.0,56349.055626451634,56349.055626451634,0.0,794.0970234375,794.0970234375,0.0,0.045698249619482496,0.045698249619482496,0.0,295.031680621347,295.031680621347,0.0,-118118.3014920078,-118118.3014920078,0.0,-65998.68349891312,-65998.68349891312,0.0,,,,,,,,,
tr_frz_sw_c3_L1_var_s2,True,1,frz|sw_c3_L1|W1,False,e2c97847a4,6/19 h12,6/19 h12,0/11/0,94.6784609375,94.6784609375,0.0,0.9379931156452274,0.9379931156452274,0.0,0.14956218291939508,0.14956218291939508,0.0,0.9237315467029052,0.9237315467029052,0.0,0.9290234720948705,0.9290234720948705,0.0,86.4475881717261,86.4475881717261,0.0,0.1481680097836667,0.1481680097836667,0.0,0.0013318112633181126,0.0013318112633181126,0.0,124044.3794889679,124044.3794889679,0.0,37716.3907756842,37716.3907756842,0.0,20845.114214843743,20845.114214843743,0.0,58561.504990527945,58561.504990527945,0.0,801.735162109375,801.735162109375,0.0,0.04566971080669711,0.04566971080669711,0.0,246.92618094211934,246.92618094211934,0.0,-124061.72766116339,-124061.72766116339,0.0,-69489.24299500775,-69489.24299500775,0.0,,,,,,,,,
tr_frz_sw_c3_L1_var_s3,True,1,frz|sw_c3_L1|W1,False,e2c97847a4,6/19 h12,6/19 h12,0/11/0,94.901484375,94.901484375,0.0,0.9413707280162082,0.9413707280162082,0.0,0.14085724053025594,0.14085724053025594,0.0,0.9287143015678287,0.9287143015678287,0.0,0.933186928418704,0.933186928418704,0.0,87.15590922487473,87.15590922487473,0.0,0.14184474095296665,0.14184474095296665,0.0,0.0013318112633181126,0.0013318112633181126,0.0,117099.83621088028,117099.83621088028,0.0,35604.000186955505,35604.000186955505,0.0,20310.465144531245,20310.465144531245,0.0,55914.46533148675,55914.46533148675,0.0,781.171736328125,781.171736328125,0.0,0.043078386605783864,0.043078386605783864,0.0,295.65876000819776,295.65876000819776,0.0,-115878.59972858806,-115878.59972858806,0.0,-65561.82425254252,-65561.82425254252,0.0,,,,,,,,,
tr_frz_sw_c3_L1_var_s4,True,1,frz|sw_c3_L1|W1,False,e2c97847a4,6/19 h12,6/19 h12,0/13/0,97.9160390625,97.9160390625,0.0,0.9493122871511548,0.9493122871511548,0.0,0.13989829621402455,0.13989829621402455,0.0,0.9276554155931795,0.9276554155931795,0.0,0.9322552778067783,0.9322552778067783,0.0,87.15050594360939,87.15050594360939,0.0,0.1425597477760282,0.1425597477760282,0.0,0.0009512937595129377,0.0009512937595129377,0.0,119996.9944429779,119996.9944429779,0.0,36494.28138129309,36494.28138129309,0.0,20595.15717187501,20595.15717187501,0.0,57089.438553168104,57089.438553168104,0.0,792.1214296875,792.1214296875,0.0,0.043711948249619485,0.043711948249619485,0.0,282.71071900917957,282.71071900917957,0.0,-117915.47558662799,-117915.47558662799,0.0,-66743.90385768823,-66743.90385768823,0.0,,,,,,,,,
tr_frz_sw_c3_L1_var_s5,True,1,frz|sw_c3_L1|W1,False,e2c97847a4,7/8 h12,7/8 h12,0/14/0,98.0792890625,98.0792890625,0.0,0.982365577744254,0.982365577744254,0.0,0.13915259508185393,0.13915259508185393,0.0,0.9262772638652507,0.9262772638652507,0.0,0.9306251578133294,0.9306251578133294,0.0,86.92749778956676,86.92749778956676,0.0,0.14804510184409003,0.14804510184409003,0.0,0.0017123287671232876,0.0017123287671232876,0.0,119556.37134823226,119556.37134823226,0.0,36364.919604786584,36364.919604786584,0.0,20703.904761718728,20703.904761718728,0.0,57068.824366505316,57068.824366505316,0.0,796.304029296875,796.304029296875,0.0,0.043567351598173515,0.043567351598173515,0.0,273.7175688631067,273.7175688631067,0.0,-118275.12693978864,-118275.12693978864,0.0,-67087.1909956605,-67087.1909956605,0.0,,,,,,,,,
tr_frz_sw_c3_L1_hot,True,1,frz|sw_c3_L1|W2_hot,False,e2c97847a4,6/28 h15,6/28 h15,0/13/0,105.1045234375,105.1045234375,0.0,0.9464806104771532,0.9464806104771532,0.0,0.20074378374166588,0.20074378374166588,0.0,0.8583949313504871,0.8583949313504871,0.0,0.848162961751003,0.848162961751003,0.0,75.4229295608606,75.4229295608606,0.0,0.3049025565095963,0.3049025565095963,0.0,0.0,0.0,0.0,184827.93837530518,184827.93837530518,0.0,58405.62518543358,58405.62518543358,0.0,24888.716328125007,24888.716328125007,0.0,83294.34151355858,83294.34151355858,0.0,957.2583203125,957.2583203125,0.0,0.05481735159817352,0.05481735159817352,0.0,-357.96656638938254,-357.96656638938254,0.0,-158668.80721018882,-158668.80721018882,0.0,-114524.95447620738,-114524.95447620738,0.0,,,,,,,,,
tr_frz_sw_c3_L1_cool,True,1,frz|sw_c3_L1|W2_cool,False,e2c97847a4,7/22 h15,7/22 h15,0/14/0,58.09771484375,58.09771484375,0.0,0.9989142182187021,0.9989142182187021,0.0,0.10321545073950757,0.10321545073950757,0.0,0.9330055870661639,0.9330055870661639,0.0,0.9313727631514979,0.9313727631514979,0.0,86.5389527458493,86.5389527458493,0.0,0.13365003326011962,0.13365003326011962,0.0,0.0015220700152207,0.0015220700152207,0.0,52530.05678290939,52530.05678290939,0.0,16349.50130722625,16349.50130722625,0.0,12870.066015624992,12870.066015624992,0.0,29219.567322851242,29219.567322851242,0.0,495.0025390625,495.0025390625,0.0,0.019570015220700152,0.019570015220700152,0.0,532.4070317613617,532.4070317613617,0.0,-62007.85159169419,-62007.85159169419,0.0,-40276.19309571368,-40276.19309571368,0.0,,,,,,,,,
tr_frz_sw_c4_L1_var_s1,True,1,frz|sw_c4_L1|W1,False,e2c97847a4,7/8 h12,7/8 h12,0/13/0,93.251859375,93.251859375,0.0,0.9450378086353822,0.9450378086353822,0.0,0.1418676857367655,0.1418676857367655,0.0,0.9178468966294304,0.9178468966294304,0.0,0.9223750197875055,0.9223750197875055,0.0,85.30209254347186,85.30209254347186,0.0,0.15599652256240948,0.15599652256240948,0.0,0.000380517503805175,0.000380517503805175,0.0,115889.76720639037,115889.76720639037,0.0,35118.77806027801,35118.77806027801,0.0,20022.480664062496,20022.480664062496,0.0,55141.25872434051,55141.25872434051,0.0,770.09541015625,770.09541015625,0.0,0.046822678843226787,0.046822678843226787,0.0,254.41963190201974,254.41963190201974,0.0,-123576.1918557996,-123576.1918557996,0.0,-67757.94164025738,-67757.94164025738,0.0,,,,,,,,,
tr_frz_sw_c4_L1_var_s2,True,1,frz|sw_c4_L1|W1,False,e2c97847a4,8/16 h15,8/16 h15,0/13/0,92.2861953125,92.2861953125,0.0,0.9271344354360287,0.9271344354360287,0.0,0.15135166010161985,0.15135166010161985,0.0,0.9125219898133807,0.9125219898133807,0.0,0.9171135817151989,0.9171135817151989,0.0,84.43019943019942,84.43019943019942,0.0,0.16555516007771215,0.16555516007771215,0.0,0.0001902587519025875,0.0001902587519025875,0.0,122356.77925748062,122356.77925748062,0.0,37096.054864996215,37096.054864996215,0.0,20724.888945312523,20724.888945312523,0.0,57820.94381030874,57820.94381030874,0.0,797.11111328125,797.11111328125,0.0,0.04675228310502283,0.04675228310502283,0.0,201.14738894784503,201.14738894784503,0.0,-129511.86516956562,-129511.86516956562,0.0,-71427.27540745612,-71427.27540745612,0.0,,,,,,,,,
tr_frz_sw_c4_L1_var_s3,True,1,frz|sw_c4_L1|W1,False,e2c97847a4,7/8 h11,7/8 h11,0/13/0,92.629046875,92.629046875,0.0,0.9367616133777338,0.9367616133777338,0.0,0.1423474669710491,0.1423474669710491,0.0,0.9190194542663429,0.9190194542663429,0.0,0.9228199611541741,0.9228199611541741,0.0,85.19058846645054,85.19058846645054,0.0,0.15694781442395475,0.15694781442395475,0.0,0.0001902587519025875,0.0001902587519025875,0.0,115505.0692696457,115505.0692696457,0.0,35028.51951497434,35028.51951497434,0.0,19958.08821093749,19958.08821093749,0.0,54986.60772591183,54986.60772591183,0.0,767.61877734375,767.61877734375,0.0,0.044088660578386604,0.044088660578386604,0.0,254.61104971934046,254.61104971934046,0.0,-120916.46664823587,-120916.46664823587,0.0,-67258.79791672803,-67258.79791672803,0.0,,,,,,,,,
tr_frz_sw_c4_L1_var_s4,True,1,frz|sw_c4_L1|W1,False,e2c97847a4,6/19 h12,6/19 h12,0/11/0,94.8888203125,94.8888203125,0.0,0.9505705011371436,0.9505705011371436,0.0,0.14232389661173953,0.14232389661173953,0.0,0.9179128336193059,0.9179128336193059,0.0,0.9219160335995652,0.9219160335995652,0.0,85.22202573926711,85.22202573926711,0.0,0.15776397472679163,0.15776397472679163,0.0,0.0001902587519025875,0.0001902587519025875,0.0,118303.33266947174,118303.33266947174,0.0,35901.30722521718,35901.30722521718,0.0,20266.258289062527,20266.258289062527,0.0,56167.565514279704,56167.565514279704,0.0,779.4714726562501,779.4714726562501,0.0,0.04481544901065449,0.04481544901065449,0.0,241.2212047267312,241.2212047267312,0.0,-123304.91107478921,-123304.91107478921,0.0,-68532.9633578779,-68532.9633578779,0.0,,,,,,,,,
tr_frz_sw_c4_L1_var_s5,True,1,frz|sw_c4_L1|W1,False,e2c97847a4,7/8 h12,7/8 h12,0/14/0,98.3823203125,98.3823203125,0.0,0.9826762441506647,0.9826762441506647,0.0,0.13680691784867222,0.13680691784867222,0.0,0.9159270489710377,0.9159270489710377,0.0,0.9196156378785141,0.9196156378785141,0.0,84.91845957363199,84.91845957363199,0.0,0.16425991012675456,0.16425991012675456,0.0,0.0005707762557077625,0.0005707762557077625,0.0,117904.18643172455,117904.18643172455,0.0,35777.9797112145,35777.9797112145,0.0,20379.893523437502,20379.893523437502,0.0,56157.873234652005,56157.873234652005,0.0,783.84205859375,783.84205859375,0.0,0.04466133942161339,0.04466133942161339,0.0,229.97165911644288,229.97165911644288,0.0,-123579.01060167755,-123579.01060167755,0.0,-68957.02743620094,-68957.02743620094,0.0,,,,,,,,,
tr_frz_sw_c4_L1_hot,True,1,frz|sw_c4_L1|W2_hot,False,e2c97847a4,6/17 h15,6/17 h15,0/12/0,104.9222890625,104.9222890625,0.0,0.9651725095947652,0.9651725095947652,0.0,0.19996833646939252,0.19996833646939252,0.0,0.8448970788878419,0.8448970788878419,0.0,0.833817595299229,0.833817595299229,0.0,73.10590431280086,73.10590431280086,0.0,0.32851292542430244,0.32851292542430244,0.0,0.0,0.0,0.0,183794.7478769264,183794.7478769264,0.0,57959.918306136526,57959.918306136526,0.0,24771.180687499986,24771.180687499986,0.0,82731.09899363651,82731.09899363651,0.0,952.73771875,952.73771875,0.0,0.057136605783866055,0.057136605783866055,0.0,-411.87301343260623,-411.87301343260623,0.0,-165629.75274771667,-165629.75274771667,0.0,-117199.35616387984,-117199.35616387984,0.0,,,,,,,,,
tr_frz_sw_c4_L1_cool,True,1,frz|sw_c4_L1|W2_cool,False,e2c97847a4,4/30 h15,4/30 h15,0/12/0,48.49121484375,48.49121484375,0.0,0.8962285754744241,0.8962285754744241,0.0,0.1217867906941014,0.1217867906941014,0.0,0.930338173754079,0.930338173754079,0.0,0.9285240232628283,0.9285240232628283,0.0,85.05206798310246,85.05206798310246,0.0,0.14006887973789564,0.14006887973789564,0.0,0.000380517503805175,0.000380517503805175,0.0,51732.96343026352,51732.96343026352,0.0,16073.71619601045,16073.71619601045,0.0,11878.288550781259,11878.288550781259,0.0,27952.00474679171,27952.00474679171,0.0,456.857251953125,456.857251953125,0.0,0.020201674277016742,0.020201674277016742,0.0,512.960737764343,512.960737764343,0.0,-63284.70645830052,-63284.70645830052,0.0,-41072.49418436873,-41072.49418436873,0.0,,,,,,,,,
tr_frz_sw_c8_L0_var_s1,True,1,frz|sw_c8_L0|W1,False,e2c97847a4,8/6 h5,8/6 h5,0/14/0,83.2565625,83.2565625,0.0,0.9160890428270829,0.9160890428270829,0.0,0.15595537392059702,0.15595537392059702,0.0,0.8989086379610555,0.8989086379610555,0.0,0.9010757428934705,0.9010757428934705,0.0,81.7816091954023,81.7816091954023,0.0,0.19137462528975166,0.19137462528975166,0.0,0.0017123287671232876,0.0017123287671232876,0.0,113742.54102363205,113742.54102363205,0.0,34405.122062752154,34405.122062752154,0.0,19602.394398437504,19602.394398437504,0.0,54007.51646118966,54007.51646118966,0.0,753.93824609375,753.93824609375,0.0,0.04982686453576864,0.04982686453576864,0.0,163.3277774658171,163.3277774658171,0.0,-134964.76553415257,-134964.76553415257,0.0,-72576.83392670417,-72576.83392670417,0.0,,,,,,,,,
tr_frz_sw_c8_L0_var_s2,True,1,frz|sw_c8_L0|W1,False,e2c97847a4,7/22 h4,7/22 h4,0/14/0,88.1635234375,88.1635234375,0.0,0.9218153063264102,0.9218153063264102,0.0,0.15522218118586156,0.15522218118586156,0.0,0.885296680266241,0.885296680266241,0.0,0.8867588688457764,0.8867588688457764,0.0,79.74015129187542,79.74015129187542,0.0,0.2165973659184273,0.2165973659184273,0.0,0.0017123287671232876,0.0017123287671232876,0.0,119880.0254228363,119880.0254228363,0.0,36240.82480563603,36240.82480563603,0.0,20223.702230468753,20223.702230468753,0.0,56464.52703610479,56464.52703610479,0.0,777.834701171875,777.834701171875,0.0,0.05086377473363775,0.05086377473363775,0.0,74.18868194150957,74.18868194150957,0.0,-143554.12431057342,-143554.12431057342,0.0,-77816.67679076947,-77816.67679076947,0.0,,,,,,,,,
tr_frz_sw_c8_L0_var_s3,True,1,frz|sw_c8_L0|W1,False,e2c97847a4,8/12 h3,8/12 h3,0/15/0,85.65275,85.65275,0.0,0.894119984311302,0.894119984311302,0.0,0.15084770495354774,0.15084770495354774,0.0,0.8977944709097058,0.8977944709097058,0.0,0.8991081312116175,0.8991081312116175,0.0,81.46772767462423,81.46772767462423,0.0,0.19614218894221452,0.19614218894221452,0.0,0.0019025875190258753,0.0019025875190258753,0.0,113183.7618616295,113183.7618616295,0.0,34259.01991515661,34259.01991515661,0.0,19254.985851562495,19254.985851562495,0.0,53514.00576671911,53514.00576671911,0.0,740.57637890625,740.57637890625,0.0,0.047094748858447485,0.047094748858447485,0.0,157.23199560741196,157.23199560741196,0.0,-132755.9083834711,-132755.9083834711,0.0,-72339.44751426141,-72339.44751426141,0.0,,,,,,,,,
tr_frz_sw_c8_L0_var_s4,True,1,frz|sw_c8_L0|W1,False,e2c97847a4,7/22 h4,7/22 h4,0/14/0,86.5518359375,86.5518359375,0.0,0.9330458719253174,0.9330458719253174,0.0,0.15299762602681166,0.15299762602681166,0.0,0.8951497838326421,0.8951497838326421,0.0,0.8965644465223879,0.8965644465223879,0.0,81.07721780135573,81.07721780135573,0.0,0.1998110566301776,0.1998110566301776,0.0,0.0013318112633181126,0.0013318112633181126,0.0,116001.89473788833,116001.89473788833,0.0,35099.54780181799,35099.54780181799,0.0,19430.32853124999,19430.32853124999,0.0,54529.87633306798,54529.87633306798,0.0,747.3203281250001,747.3203281250001,0.0,0.04834094368340944,0.04834094368340944,0.0,133.71234542672212,133.71234542672212,0.0,-136244.43741400464,-136244.43741400464,0.0,-74047.70603221752,-74047.70603221752,0.0,,,,,,,,,
tr_frz_sw_c8_L0_var_s5,True,1,frz|sw_c8_L0|W1,False,e2c97847a4,7/8 h12,7/8 h12,0/11/0,94.9396171875,94.9396171875,0.0,0.9475410174286549,0.9475410174286549,0.0,0.1394768374897157,0.1394768374897157,0.0,0.8986634849699805,0.8986634849699805,0.0,0.9001288613517358,0.9001288613517358,0.0,81.71480499066706,81.71480499066706,0.0,0.1954359497908272,0.1954359497908272,0.0,0.0019025875190258753,0.0019025875190258753,0.0,115998.8474062996,115998.8474062996,0.0,35153.97588601133,35153.97588601133,0.0,20048.559375,20048.559375,0.0,55202.53526101133,55202.53526101133,0.0,771.0984375,771.0984375,0.0,0.04718797564687976,0.04718797564687976,0.0,150.44706652920223,150.44706652920223,0.0,-134544.53320680422,-134544.53320680422,0.0,-73422.850920197,-73422.850920197,0.0,,,,,,,,,
tr_frz_sw_c8_L0_hot,True,1,frz|sw_c8_L0|W2_hot,False,e2c97847a4,10/1 h12,10/1 h12,0/15/0,103.5151328125,103.5151328125,0.0,0.9553475317954745,0.9553475317954745,0.0,0.1964511819943969,0.1964511819943969,0.0,0.7990542578951134,0.7990542578951134,0.0,0.7836768987234226,0.7836768987234226,0.0,60.17978190391984,60.17978190391984,0.0,0.4199687069016787,0.4199687069016787,0.0,0.0009512937595129377,0.0009512937595129377,0.0,178140.470911026,178140.470911026,0.0,55747.03792630747,55747.03792630747,0.0,23621.032804687507,23621.032804687507,0.0,79368.07073099498,79368.07073099498,0.0,908.50126171875,908.50126171875,0.0,0.06629185692541857,0.06629185692541857,0.0,-651.192585264092,-651.192585264092,0.0,-191737.4045261341,-191737.4045261341,0.0,-128850.45858980659,-128850.45858980659,0.0,,,,,,,,,
tr_frz_sw_c8_L0_cool,True,1,frz|sw_c8_L0|W2_cool,False,e2c97847a4,4/30 h15,4/30 h15,0/12/0,48.09601953125,48.09601953125,0.0,0.8981131340756718,0.8981131340756718,0.0,0.12069415837348013,0.12069415837348013,0.0,0.9320441092082229,0.9320441092082229,0.0,0.9295435753252139,0.9295435753252139,0.0,83.51065920031438,83.51065920031438,0.0,0.14036114802586852,0.14036114802586852,0.0,0.0019025875190258753,0.0019025875190258753,0.0,50850.999322322845,50850.999322322845,0.0,15904.071182150603,15904.071182150603,0.0,11648.185910156255,11648.185910156255,0.0,27552.257092306856,27552.257092306856,0.0,448.007150390625,448.007150390625,0.0,0.01985159817351598,0.01985159817351598,0.0,511.4311204846648,511.4311204846648,0.0,-61815.93670887606,-61815.93670887606,0.0,-41490.33316593731,-41490.33316593731,0.0,,,,,,,,,
tr_onl_01_baseline_var_s1,True,1,onl|01_baseline|W1,True,e2c97847a4,7/8 h12,7/8 h12,0/14/0,98.754046875,98.754046875,0.0,0.9579577099867512,0.9579577099867512,0.0,0.1398195732885162,0.1398195732885162,0.0,0.9341423197992829,0.9341423197992829,0.0,0.9374898702440143,0.9374898702440143,0.0,88.73759701345908,88.73759701345908,0.0,0.1322780381275868,0.1322780381275868,0.0,0.0,0.0,0.0,120955.87856449127,120955.87856449127,0.0,37452.54769821353,37452.54769821353,0.0,20707.48550000003,20707.48550000003,0.0,58160.03319821356,58160.03319821356,0.0,796.44175,796.44175,0.0,0.04329337899543379,0.04329337899543379,0.0,314.9276714758841,314.9276714758841,0.0,-117463.97919832767,-117463.97919832767,0.0,-67010.96873304604,-67010.96873304604,0.0,,,,,,,,,
tr_onl_01_baseline_var_s2,True,1,onl|01_baseline|W1,True,e2c97847a4,6/19 h11,6/19 h11,0/13/0,100.6012109375,100.6012109375,0.0,0.959534594576151,0.959534594576151,0.0,0.14521317786460353,0.14521317786460353,0.0,0.9325129118578572,0.9325129118578572,0.0,0.935673716882364,0.935673716882364,0.0,88.31417624521073,88.31417624521073,0.0,0.1367382843492782,0.1367382843492782,0.0,0.0,0.0,0.0,127971.52466641236,127971.52466641236,0.0,39727.05711994509,39727.05711994509,0.0,21346.167171875,21346.167171875,0.0,61073.224291820094,61073.224291820094,0.0,821.0064296875,821.0064296875,0.0,0.04253044140030442,0.04253044140030442,0.0,274.0929590706393,274.0929590706393,0.0,-121509.982605695,-121509.982605695,0.0,-70119.94050093704,-70119.94050093704,0.0,,,,,,,,,
tr_onl_01_baseline_var_s3,True,1,onl|01_baseline|W1,True,e2c97847a4,7/8 h12,7/8 h12,0/14/0,98.01425,98.01425,0.0,0.9474193591369794,0.9474193591369794,0.0,0.14035804814953612,0.14035804814953612,0.0,0.9355453611061211,0.9355453611061211,0.0,0.93830936256963,0.93830936256963,0.0,88.74447391688771,88.74447391688771,0.0,0.1326847612067304,0.1326847612067304,0.0,0.0,0.0,0.0,120512.09807056427,120512.09807056427,0.0,37374.27798913263,37374.27798913263,0.0,20293.500093749997,20293.500093749997,0.0,57667.77808288262,57667.77808288262,0.0,780.519234375,780.519234375,0.0,0.04077054794520548,0.04077054794520548,0.0,316.5502368872766,316.5502368872766,0.0,-114521.9180178176,-114521.9180178176,0.0,-66353.85751907223,-66353.85751907223,0.0,,,,,,,,,
tr_onl_01_baseline_var_s4,True,1,onl|01_baseline|W1,True,e2c97847a4,6/19 h12,6/19 h12,0/14/0,101.56790625,101.56790625,0.0,0.9461631911165657,0.9461631911165657,0.0,0.1389398527443166,0.1389398527443166,0.0,0.9346522340929984,0.9346522340929984,0.0,0.9374791706398661,0.9374791706398661,0.0,88.7420178799489,88.7420178799489,0.0,0.1330794794033171,0.1330794794033171,0.0,0.0,0.0,0.0,123619.63025621032,123619.63025621032,0.0,38371.37638285619,38371.37638285619,0.0,20518.297820312517,20518.297820312517,0.0,58889.67420316871,58889.67420316871,0.0,789.16530078125,789.16530078125,0.0,0.04107686453576864,0.04107686453576864,0.0,304.43694774379105,304.43694774379105,0.0,-116915.19852035967,-116915.19852035967,0.0,-67612.86400505413,-67612.86400505413,0.0,,,,,,,,,
tr_onl_01_baseline_var_s5,True,1,onl|01_baseline|W1,True,e2c97847a4,7/8 h12,7/8 h12,0/15/0,102.3156328125,102.3156328125,0.0,0.9870346898235491,0.9870346898235491,0.0,0.13729450153598585,0.13729450153598585,0.0,0.9332215692645517,0.9332215692645517,0.0,0.9357487503277243,0.9357487503277243,0.0,88.39227821986442,88.39227821986442,0.0,0.13897657278701528,0.13897657278701528,0.0,0.0,0.0,0.0,123054.99454346085,123054.99454346085,0.0,38199.606917360165,38199.606917360165,0.0,20451.73477343751,20451.73477343751,0.0,58651.34169079768,58651.34169079768,0.0,786.60518359375,786.60518359375,0.0,0.041160578386605785,0.041160578386605785,0.0,292.5764584130834,292.5764584130834,0.0,-117394.08388486726,-117394.08388486726,0.0,-68053.42708107752,-68053.42708107752,0.0,,,,,,,,,
tr_onl_01_baseline_hot,True,1,onl|01_baseline|W2_hot,True,e2c97847a4,6/17 h15,6/17 h15,0/13/0,104.1407421875,104.1407421875,0.0,0.9788298714724464,0.9788298714724464,0.0,0.20258198139489916,0.20258198139489916,0.0,0.8848999762827366,0.8848999762827366,0.0,0.8744419953472102,0.8744419953472102,0.0,80.39001866588073,80.39001866588073,0.0,0.2589020991304296,0.2589020991304296,0.0,0.0,0.0,0.0,184810.05197140502,184810.05197140502,0.0,59368.60695521992,59368.60695521992,0.0,23804.801515625008,23804.801515625008,0.0,83173.40847084492,83173.40847084492,0.0,915.5692890625,915.5692890625,0.0,0.049535768645357685,0.049535768645357685,0.0,-245.4214735451449,-245.4214735451449,0.0,-155106.48745632623,-155106.48745632623,0.0,-109402.26578524894,-109402.26578524894,0.0,,,,,,,,,
tr_onl_01_baseline_cool,True,1,onl|01_baseline|W2_cool,True,e2c97847a4,7/22 h14,7/22 h14,0/15/0,64.24314453125,64.24314453125,0.0,0.9546478471396809,0.9546478471396809,0.0,0.0958270269467764,0.0958270269467764,0.0,0.9397292408626677,0.9397292408626677,0.0,0.9376748021139777,0.9376748021139777,0.0,88.00962766480008,88.00962766480008,0.0,0.12156122161545983,0.12156122161545983,0.0,0.0,0.0,0.0,53928.570789161684,53928.570789161684,0.0,17008.606267842584,17008.606267842584,0.0,12988.602656249996,12988.602656249996,0.0,29997.208924092578,29997.208924092578,0.0,499.561640625,499.561640625,0.0,0.018687214611872147,0.018687214611872147,0.0,582.648724302143,582.648724302143,0.0,-58523.77414304901,-58523.77414304901,0.0,-40179.901072501874,-40179.901072501874,0.0,,,,,,,,,
tr_onl_04_full_var_s1,True,1,onl|04_full|W1,True,e2c97847a4,6/19 h12,6/19 h12,0/12/0,89.876828125,89.876828125,0.0,0.8945779263570958,0.8945779263570958,0.0,0.14606788614479047,0.14606788614479047,0.0,0.9079192192084728,0.9079192192084728,0.0,0.9107086354796424,0.9107086354796424,0.0,82.98261125847333,82.98261125847333,0.0,0.17712441573783355,0.17712441573783355,0.0,0.0,0.0,0.0,115002.31628712844,115002.31628712844,0.0,34740.98699407218,34740.98699407218,0.0,20475.07921875003,20475.07921875003,0.0,55216.0662128222,55216.0662128222,0.0,787.503046875,787.503046875,0.0,0.0477720700152207,0.0477720700152207,0.0,180.54981754660275,180.54981754660275,0.0,-128662.00534249717,-128662.00534249717,0.0,-70891.1276028033,-70891.1276028033,0.0,,,,,,,,,
tr_onl_04_full_var_s2,True,1,onl|04_full|W1,True,e2c97847a4,7/16 h5,7/16 h5,0/13/0,91.88896875,91.88896875,0.0,0.9117885305230089,0.9117885305230089,0.0,0.15078774910303988,0.15078774910303988,0.0,0.9006902631572768,0.9006902631572768,0.0,0.903092061086277,0.903092061086277,0.0,81.93633952254642,81.93633952254642,0.0,0.19000449593543317,0.19000449593543317,0.0,0.0,0.0,0.0,121376.20150325775,121376.20150325775,0.0,36680.050421442604,36680.050421442604,0.0,21221.77306640625,21221.77306640625,0.0,57901.82348784886,57901.82348784886,0.0,816.222041015625,816.222041015625,0.0,0.047745433789954335,0.047745433789954335,0.0,122.13301597716537,122.13301597716537,0.0,-134327.7649834192,-134327.7649834192,0.0,-74803.71068104502,-74803.71068104502,0.0,,,,,,,,,
tr_onl_04_full_var_s3,True,1,onl|04_full|W1,True,e2c97847a4,6/19 h14,6/19 h14,0/13/0,93.345984375,93.345984375,0.0,0.9136293314353074,0.9136293314353074,0.0,0.1405777450537197,0.1405777450537197,0.0,0.9097088349328595,0.9097088349328595,0.0,0.911908456370577,0.911908456370577,0.0,83.10246586108654,83.10246586108654,0.0,0.17652357660116078,0.17652357660116078,0.0,0.0,0.0,0.0,114951.94362093354,114951.94362093354,0.0,34772.4852201907,34772.4852201907,0.0,20831.2441796875,20831.2441796875,0.0,55603.7293998782,55603.7293998782,0.0,801.20169921875,801.20169921875,0.0,0.044912480974124806,0.044912480974124806,0.0,184.44250649506552,184.44250649506552,0.0,-125947.37356570998,-125947.37356570998,0.0,-70167.52608540772,-70167.52608540772,0.0,,,,,,,,,
tr_onl_04_full_var_s4,True,1,onl|04_full|W1,True,e2c97847a4,6/19 h12,6/19 h12,0/11/0,103.19578125,103.19578125,0.0,0.9577563714028484,0.9577563714028484,0.0,0.1303989324143942,0.1303989324143942,0.0,0.9104217146362651,0.9104217146362651,0.0,0.9128891325119588,0.9128891325119588,0.0,83.28028293545535,83.28028293545535,0.0,0.17425719573017862,0.17425719573017862,0.0,0.0,0.0,0.0,117879.9886129036,117879.9886129036,0.0,35720.81713715513,35720.81713715513,0.0,20796.955968749982,20796.955968749982,0.0,56517.773105905115,56517.773105905115,0.0,799.882921875,799.882921875,0.0,0.04553843226788432,0.04553843226788432,0.0,179.37766290275235,179.37766290275235,0.0,-127529.13224191184,-127529.13224191184,0.0,-71060.47768518186,-71060.47768518186,0.0,,,,,,,,,
tr_onl_04_full_var_s5,True,1,onl|04_full|W1,True,e2c97847a4,7/9 h13,7/9 h13,0/15/0,103.0570234375,103.0570234375,0.0,0.9934730635713505,0.9934730635713505,0.0,0.12924901087518428,0.12924901087518428,0.0,0.9045641678013476,0.9045641678013476,0.0,0.9063554530861194,0.9063554530861194,0.0,82.37400530503979,82.37400530503979,0.0,0.1874074358171391,0.1874074358171391,0.0,0.0,0.0,0.0,116683.360685009,116683.360685009,0.0,35306.97328484952,35306.97328484952,0.0,20550.268070312497,20550.268070312497,0.0,55857.24135516201,55857.24135516201,0.0,790.39492578125,790.39492578125,0.0,0.045582191780821915,0.045582191780821915,0.0,151.51093415459079,151.51093415459079,0.0,-129583.49274496021,-129583.49274496021,0.0,-72257.18225494279,-72257.18225494279,0.0,,,,,,,,,
tr_onl_04_full_hot,True,1,onl|04_full|W2_hot,True,e2c97847a4,6/14 h15,6/14 h15,0/15/0,104.806625,104.806625,0.0,0.8887171307381855,0.8887171307381855,0.0,0.1989327194323664,0.1989327194323664,0.0,0.8593738400768458,0.8593738400768458,0.0,0.8479256764605462,0.8479256764605462,0.0,74.05344336378819,74.05344336378819,0.0,0.3058030610328601,0.3058030610328601,0.0,0.0,0.0,0.0,182641.33026981735,182641.33026981735,0.0,57292.35814680269,57292.35814680269,0.0,24590.75957812499,24590.75957812499,0.0,81883.11772492768,81883.11772492768,0.0,945.7984453125,945.7984453125,0.0,0.0534189497716895,0.0534189497716895,0.0,-370.8352941231393,-370.8352941231393,0.0,-154852.59810740667,-154852.59810740667,0.0,-114420.4171568314,-114420.4171568314,0.0,,,,,,,,,
tr_onl_04_full_cool,True,1,onl|04_full|W2_cool,True,e2c97847a4,5/22 h14,5/22 h14,0/14/0,56.698796875,56.698796875,0.0,0.8911324980115628,0.8911324980115628,0.0,0.10332218445796279,0.10332218445796279,0.0,0.9286797783092071,0.9286797783092071,0.0,0.9263105328808817,0.9263105328808817,0.0,85.66656842518911,85.66656842518911,0.0,0.14398387029557666,0.14398387029557666,0.0,0.0,0.0,0.0,51318.21349154663,51318.21349154663,0.0,15938.750328175885,15938.750328175885,0.0,12433.811000000003,12433.811000000003,0.0,28372.56132817589,28372.56132817589,0.0,478.2235,478.2235,0.0,0.020380517503805175,0.020380517503805175,0.0,513.386875163702,513.386875163702,0.0,-62460.75542675989,-62460.75542675989,0.0,-41447.83356106405,-41447.83356106405,0.0,,,,,,,,,
tr_onl_alt_fixedref_var_s1,True,1,onl|alt_fixedref|W1,True,e2c97847a4,6/26 h10,6/26 h10,0/13/0,90.3988515625,90.3988515625,0.0,0.9081694420352652,0.9081694420352652,0.0,0.14556251349866725,0.14556251349866725,0.0,0.9096427224822583,0.9096427224822583,0.0,0.9125560574681832,0.9125560574681832,0.0,83.48413400137538,83.48413400137538,0.0,0.173646488554153,0.173646488554153,0.0,0.0,0.0,0.0,115270.07228527451,115270.07228527451,0.0,34877.267254321414,34877.267254321414,0.0,20417.1864609375,20417.1864609375,0.0,55294.45371525892,55294.45371525892,0.0,785.27640234375,785.27640234375,0.0,0.04727359208523592,0.04727359208523592,0.0,190.55738094022746,190.55738094022746,0.0,-128046.82538642875,-128046.82538642875,0.0,-70497.74017068035,-70497.74017068035,0.0,,,,,,,,,
tr_onl_alt_fixedref_var_s2,True,1,onl|alt_fixedref|W1,True,e2c97847a4,6/19 h10,6/19 h10,0/12/0,100.497859375,100.497859375,0.0,0.9623651377521761,0.9623651377521761,0.0,0.13890433561155113,0.13890433561155113,0.0,0.9051822939317836,0.9051822939317836,0.0,0.9077885173334728,0.9077885173334728,0.0,82.74486688279792,82.74486688279792,0.0,0.18274366429798516,0.18274366429798516,0.0,0.0,0.0,0.0,122285.99426895904,122285.99426895904,0.0,37020.310529796516,37020.310529796516,0.0,21308.210371093755,21308.210371093755,0.0,58328.520900890275,58328.520900890275,0.0,819.546552734375,819.546552734375,0.0,0.04691019786910198,0.04691019786910198,0.0,139.75156376815863,139.75156376815863,0.0,-132276.53899278492,-132276.53899278492,0.0,-73960.05730971045,-73960.05730971045,0.0,,,,,,,,,
tr_onl_alt_fixedref_var_s3,True,1,onl|alt_fixedref|W1,True,e2c97847a4,6/24 h7,6/24 h7,0/14/0,91.93115625,91.93115625,0.0,0.9138278252168018,0.9138278252168018,0.0,0.14342265892551526,0.14342265892551526,0.0,0.9120909435478051,0.9120909435478051,0.0,0.9144896687412755,0.9144896687412755,0.0,83.76805187150015,83.76805187150015,0.0,0.17207485798920927,0.17207485798920927,0.0,0.0,0.0,0.0,115500.69519905472,115500.69519905472,0.0,34956.912162983164,34956.912162983164,0.0,20098.03158593752,20098.03158593752,0.0,55054.94374892068,55054.94374892068,0.0,773.00121484375,773.00121484375,0.0,0.04454528158295282,0.04454528158295282,0.0,196.83682828639053,196.83682828639053,0.0,-125034.01040001934,-125034.01040001934,0.0,-69753.36160407204,-69753.36160407204,0.0,,,,,,,,,
tr_onl_alt_fixedref_var_s4,True,1,onl|alt_fixedref|W1,True,e2c97847a4,6/19 h14,6/19 h14,0/13/0,102.6035625,102.6035625,0.0,0.9625395113046739,0.9625395113046739,0.0,0.13097012635386812,0.13097012635386812,0.0,0.906843815189128,0.906843815189128,0.0,0.9087949708239179,0.9087949708239179,0.0,83.07839669908635,83.07839669908635,0.0,0.17941792356509992,0.17941792356509992,0.0,0.0,0.0,0.0,117716.89353404236,117716.89353404236,0.0,35647.81741033001,35647.81741033001,0.0,20651.526492187502,20651.526492187502,0.0,56299.34390251752,56299.34390251752,0.0,794.28948046875,794.28948046875,0.0,0.045593607305936076,0.045593607305936076,0.0,168.09754141119842,168.09754141119842,0.0,-128311.48262673379,-128311.48262673379,0.0,-71696.61491307584,-71696.61491307584,0.0,,,,,,,,,
tr_onl_alt_fixedref_var_s5,True,1,onl|alt_fixedref|W1,True,e2c97847a4,6/19 h13,6/19 h13,0/14/0,101.6495078125,101.6495078125,0.0,0.9828950799451097,0.9828950799451097,0.0,0.13215880481994766,0.13215880481994766,0.0,0.9076130351479323,0.9076130351479323,0.0,0.9095093121369513,0.9095093121369513,0.0,83.21986442676098,83.21986442676098,0.0,0.18179592986696633,0.18179592986696633,0.0,0.0,0.0,0.0,117680.76657619476,117680.76657619476,0.0,35646.527690719195,35646.527690719195,0.0,20808.104382812515,20808.104382812515,0.0,56454.63207353171,56454.63207353171,0.0,800.31170703125,800.31170703125,0.0,0.044969558599695585,0.044969558599695585,0.0,166.37422792108512,166.37422792108512,0.0,-128078.10813491518,-128078.10813491518,0.0,-71787.3091792803,-71787.3091792803,0.0,,,,,,,,,
tr_onl_alt_fixedref_hot,True,1,onl|alt_fixedref|W2_hot,True,e2c97847a4,6/17 h16,6/17 h16,0/15/0,115.605484375,115.605484375,0.0,0.9827399850543205,0.9827399850543205,0.0,0.1801870542460437,0.1801870542460437,0.0,0.8580452545709234,0.8580452545709234,0.0,0.8466471591258942,0.8466471591258942,0.0,73.40062874545633,73.40062874545633,0.0,0.30985090324318515,0.30985090324318515,0.0,0.0,0.0,0.0,182476.15835375214,182476.15835375214,0.0,57239.092069300335,57239.092069300335,0.0,24687.26050781251,24687.26050781251,0.0,81926.35257711285,81926.35257711285,0.0,949.51001953125,949.51001953125,0.0,0.05417237442922374,0.05417237442922374,0.0,-383.30324665577774,-383.30324665577774,0.0,-154924.48831792903,-154924.48831792903,0.0,-114664.49999050949,-114664.49999050949,0.0,,,,,,,,,
tr_onl_alt_fixedref_cool,True,1,onl|alt_fixedref|W2_cool,True,e2c97847a4,7/22 h15,7/22 h15,0/14/0,56.79536328125,56.79536328125,0.0,0.851550257728799,0.851550257728799,0.0,0.10450519715991102,0.10450519715991102,0.0,0.9345492620360111,0.9345492620360111,0.0,0.9326290880732574,0.9326290880732574,0.0,86.52028686511444,86.52028686511444,0.0,0.1316137181833035,0.1316137181833035,0.0,0.0,0.0,0.0,51994.19718428802,51994.19718428802,0.0,16195.211580937153,16195.211580937153,0.0,12457.819968749985,12457.819968749985,0.0,28653.03154968714,28653.03154968714,0.0,479.146921875,479.146921875,0.0,0.01867199391171994,0.01867199391171994,0.0,544.719145435804,544.719145435804,0.0,-59339.64064725423,-59339.64064725423,0.0,-39381.022492001786,-39381.022492001786,0.0,,,,,,,,,
rbc_reactive,True,1,,True,e2c97847a4,7/23 h10,7/23 h10,0/6/0,93.20390625,93.20390625,0.0,0.9869267306003318,0.9869267306003318,0.0,0.1271266163123451,0.1271266163123451,0.0,0.9032241130785053,0.9032241130785053,0.0,0.9178310759184949,0.9178310759184949,0.0,85.95195991747715,85.95195991747715,0.0,0.16923024354813507,0.16923024354813507,0.0,0.0,0.0,0.0,103794.58772302246,103794.58772302246,0.0,32211.11169942077,32211.11169942077,0.0,19994.242226562495,19994.242226562495,0.0,52205.35392598326,52205.35392598326,0.0,769.00931640625,769.00931640625,0.0,,,,60.41451690596113,60.41451690596113,0.0,-149037.55175654794,-149037.55175654794,0.0,-70403.1988368187,-70403.1988368187,0.0,,,,,,,,,
rbc_proactive,True,1,,True,e2c97847a4,8/5 h15,8/5 h15,0/5/0,92.42946875,92.42946875,0.0,0.9804688382796544,0.9804688382796544,0.0,0.16949687033946642,0.16949687033946642,0.0,0.9446358847097599,0.9446358847097599,0.0,0.9474354553105836,0.9474354553105836,0.0,90.71863640829157,90.71863640829157,0.0,0.1156873076425135,0.1156873076425135,0.0,10.512747336377473,10.512747336377473,0.0,137238.58975911714,137238.58975911714,0.0,40490.449540628426,40490.449540628426,0.0,19748.47285937501,19748.47285937501,0.0,60238.92240000344,60238.92240000344,0.0,759.5566484375,759.5566484375,0.0,,,,126.13164156310886,126.13164156310886,0.0,-75019.88406808613,-75019.88406808613,0.0,-55157.378286673425,-55157.378286673425,0.0,,,,,,,,,
rbc_dl,True,1,,True,e2c97847a4,8/5 h15,8/5 h15,0/5/0,92.4358515625,92.4358515625,0.0,0.9791836488889876,0.9791836488889876,0.0,0.16797027881781934,0.16797027881781934,0.0,0.9429068257648929,0.9429068257648929,0.0,0.9471685971549803,0.9471685971549803,0.0,90.66853325474014,90.66853325474014,0.0,0.11615887104451898,0.11615887104451898,0.0,9.666666666666666,9.666666666666666,0.0,136011.9276551094,136011.9276551094,0.0,40254.06615834237,40254.06615834237,0.0,19799.647968750007,19799.647968750007,0.0,60053.714127092375,60053.714127092375,0.0,761.524921875,761.524921875,0.0,,,,129.0877647436334,129.0877647436334,0.0,-76002.19643329296,-76002.19643329296,0.0,-54657.01036083631,-54657.01036083631,0.0,,,,,,,,,
rbc_pro_cm0p5,True,1,,True,e2c97847a4,7/26 h15,7/26 h15,0/6/1,89.1720234375,89.1720234375,0.0,0.9662151901998798,0.9662151901998798,0.0,0.17883972177842342,0.17883972177842342,0.0,0.9467323416838477,0.9467323416838477,0.0,0.9498412536395148,0.9498412536395148,0.0,91.1508989095196,91.1508989095196,0.0,0.11185735765896149,0.11185735765896149,0.0,13.603310502283106,13.603310502283106,0.0,139700.0987909584,139700.0987909584,0.0,41219.44665901916,41219.44665901916,0.0,19511.96365625,19511.96365625,0.0,60731.41031526916,60731.41031526916,0.0,750.460140625,750.460140625,0.0,,,,74.12122632394309,74.12122632394309,0.0,-74090.12481669855,-74090.12481669855,0.0,-54871.710448551836,-54871.710448551836,0.0,,,,,,,,,
rbc_pro_cm1p5,True,1,,True,e2c97847a4,8/5 h15,8/5 h15,0/5/0,92.6569375,92.6569375,0.0,0.988921897229724,0.988921897229724,0.0,0.1661613196642132,0.1661613196642132,0.0,0.9418143387511888,0.9418143387511888,0.0,0.94427661693249,0.94427661693249,0.0,90.22497298359367,90.22497298359367,0.0,0.12057839534010764,0.12057839534010764,0.0,10.221080669710807,10.221080669710807,0.0,134868.95133675003,134868.95133675003,0.0,39799.44545941173,39799.44545941173,0.0,20002.484328125007,20002.484328125007,0.0,59801.929787536734,59801.929787536734,0.0,769.3263203125,769.3263203125,0.0,,,,155.4436765756613,155.4436765756613,0.0,-76642.33161452503,-76642.33161452503,0.0,-55703.470921591645,-55703.470921591645,0.0,,,,,,,,,
rbc_pro_cm2p0,True,1,,True,e2c97847a4,8/5 h15,8/5 h15,0/10/0,92.85896875,92.85896875,0.0,0.9925851700476537,0.9925851700476537,0.0,0.16311247462054704,0.16311247462054704,0.0,0.9383524408887925,0.9383524408887925,0.0,0.9404554964714861,0.9404554964714861,0.0,89.60801650456823,89.60801650456823,0.0,0.12661713401675617,0.12661713401675617,0.0,8.192161339421613,8.192161339421613,0.0,132682.95616767503,132682.95616767503,0.0,39160.08268155782,39160.08268155782,0.0,19835.84616406248,19835.84616406248,0.0,58995.9288456203,58995.9288456203,0.0,762.91716015625,762.91716015625,0.0,,,,111.96223798966733,111.96223798966733,0.0,-78894.19998272743,-78894.19998272743,0.0,-56470.3048838749,-56470.3048838749,0.0,,,,,,,,,
rbc_pro_cm2p5,True,1,,True,e2c97847a4,8/5 h15,8/5 h15,0/12/0,82.7883359375,82.7883359375,0.0,0.9070483655919996,0.9070483655919996,0.0,0.18005558243606487,0.18005558243606487,0.0,0.9339034248794771,0.9339034248794771,0.0,0.9356394552074279,0.9356394552074279,0.0,88.8815207780725,88.8815207780725,0.0,0.13459317297700762,0.13459317297700762,0.0,8.19197108066971,8.19197108066971,0.0,130580.95792417908,130580.95792417908,0.0,38548.83870932987,38548.83870932987,0.0,19101.495359375,19101.495359375,0.0,57650.33406870488,57650.33406870488,0.0,734.6728984375,734.6728984375,0.0,,,,60.07297162038644,60.07297162038644,0.0,-82620.22877642151,-82620.22877642151,0.0,-57763.60620685793,-57763.60620685793,0.0,,,,,,,,,
rbc_dl_f0p95,True,1,,True,e2c97847a4,8/5 h15,8/5 h15,0/5/0,92.4358515625,92.4358515625,0.0,0.9791836488889876,0.9791836488889876,0.0,0.1679603664739591,0.1679603664739591,0.0,0.9429055399764382,0.9429055399764382,0.0,0.9471670165339596,0.9471670165339596,0.0,90.66656842518913,90.66656842518913,0.0,0.11616298232803243,0.11616298232803243,0.0,9.667047184170471,9.667047184170471,0.0,136003.90125302505,136003.90125302505,0.0,40251.0105084053,40251.0105084053,0.0,19799.6475625,19799.6475625,0.0,60050.658070905294,60050.658070905294,0.0,761.52490625,761.52490625,0.0,,,,129.10624514181904,129.10624514181904,0.0,-76000.75304864015,-76000.75304864015,0.0,-54655.247301163756,-54655.247301163756,0.0,,,,,,,,,
rbc_dl_f0p85,True,1,,True,e2c97847a4,8/5 h15,8/5 h15,0/5/0,92.435859375,92.435859375,0.0,0.963847501509621,0.963847501509621,0.0,0.16798907364589316,0.16798907364589316,0.0,0.9428326849069586,0.9428326849069586,0.0,0.9470860465840625,0.9470860465840625,0.0,90.64348167796443,90.64348167796443,0.0,0.11629702471037837,0.11629702471037837,0.0,9.655631659056317,9.655631659056317,0.0,136027.1580394783,136027.1580394783,0.0,40260.26879772578,40260.26879772578,0.0,20115.044421875013,20115.044421875013,0.0,60375.313219600794,60375.313219600794,0.0,773.6555546875001,773.6555546875001,0.0,,,,128.6348859124074,128.6348859124074,0.0,-76022.47642871136,-76022.47642871136,0.0,-54675.86217167529,-54675.86217167529,0.0,,,,,,,,,
rbc_dl_f0p8,True,1,,True,e2c97847a4,6/19 h12,6/19 h12,0/15/0,93.1814296875,93.1814296875,0.0,0.9510798546193956,0.9510798546193956,0.0,0.1667548388395863,0.1667548388395863,0.0,0.9425962701259816,0.9425962701259816,0.0,0.9468237831650619,0.9468237831650619,0.0,90.52608311229001,90.52608311229001,0.0,0.11680454229931472,0.11680454229931472,0.0,9.596651445966515,9.596651445966515,0.0,136116.85958374024,136116.85958374024,0.0,40295.0772275292,40295.0772275292,0.0,20187.578632812496,20187.578632812496,0.0,60482.65586034169,60482.65586034169,0.0,776.44533203125,776.44533203125,0.0,,,,126.90241041562616,126.90241041562616,0.0,-76128.3199982242,-76128.3199982242,0.0,-54778.63911854565,-54778.63911854565,0.0,,,,,,,,,
rbc_dl_rotate,True,1,,True,e2c97847a4,8/5 h15,8/5 h15,0/5/0,92.43584375,92.43584375,0.0,0.9791836459218821,0.9791836459218821,0.0,0.16797571827793054,0.16797571827793054,0.0,0.9429142659912034,0.9429142659912034,0.0,0.94717685955242,0.94717685955242,0.0,90.6739365360055,90.6739365360055,0.0,0.1161396514105767,0.1161396514105767,0.0,9.668378995433791,9.668378995433791,0.0,136016.32069714737,136016.32069714737,0.0,40255.123053993666,40255.123053993666,0.0,19799.64776562501,19799.64776562501,0.0,60054.77081961867,60054.77081961867,0.0,761.5249140625,761.5249140625,0.0,,,,129.09086312763122,129.09086312763122,0.0,-75998.53587087612,-75998.53587087612,0.0,-54652.25728083806,-54652.25728083806,0.0,,,,,,,,,
rbc_dl_shed2,True,1,,True,e2c97847a4,8/5 h15,8/5 h15,0/5/0,92.435859375,92.435859375,0.0,0.9791836493835051,0.9791836493835051,0.0,0.16797115227932874,0.16797115227932874,0.0,0.9429094346150357,0.9429094346150357,0.0,0.9471712656222523,0.9471712656222523,0.0,90.67098929167895,90.67098929167895,0.0,0.11615080798066948,0.11615080798066948,0.0,9.667237442922374,9.667237442922374,0.0,136012.646425663,136012.646425663,0.0,40254.82898957951,40254.82898957951,0.0,19812.87333593752,19812.87333593752,0.0,60067.70232551703,60067.70232551703,0.0,762.03358984375,762.03358984375,0.0,,,,128.99729679277218,128.99729679277218,0.0,-76001.91712759032,-76001.91712759032,0.0,-54657.99916885154,-54657.99916885154,0.0,,,,,,,,,
rbc_stagger_only,True,1,,True,e2c97847a4,8/5 h15,8/5 h15,0/5/0,92.43584375,92.43584375,0.0,0.9791836459218821,0.9791836459218821,0.0,0.1679887640622329,0.1679887640622329,0.0,0.9429138041688051,0.9429138041688051,0.0,0.9471763850297068,0.9471763850297068,0.0,90.67590136555653,90.67590136555653,0.0,0.11613780294165935,0.11613780294165935,0.0,9.66761796042618,9.66761796042618,0.0,136026.88436432267,136026.88436432267,0.0,40259.08966679325,40259.08966679325,0.0,19799.647664062515,19799.647664062515,0.0,60058.73733085576,60058.73733085576,0.0,761.52491015625,761.52491015625,0.0,,,,129.06755123555195,129.06755123555195,0.0,-76000.3007353081,-76000.3007353081,0.0,-54653.62676471567,-54653.62676471567,0.0,,,,,,,,,
rbc_limit_only,True,1,,True,e2c97847a4,8/5 h15,8/5 h15,0/5/0,92.429484375,92.429484375,0.0,0.9804688410674199,0.9804688410674199,0.0,0.16947300302717905,0.16947300302717905,0.0,0.9446277634419987,0.9446277634419987,0.0,0.9474262549305011,0.9474262549305011,0.0,90.71126829747519,90.71126829747519,0.0,0.11571012505708318,0.11571012505708318,0.0,10.510654490106546,10.510654490106546,0.0,137219.28801909636,137219.28801909636,0.0,40483.33246643284,40483.33246643284,0.0,19748.47336718749,19748.47336718749,0.0,60231.805833620325,60231.805833620325,0.0,759.55666796875,759.55666796875,0.0,,,,126.1824207458359,126.1824207458359,0.0,-75022.22834309521,-75022.22834309521,0.0,-55161.35905868406,-55161.35905868406,0.0,,,,,,,,,
tr_rbc_reactive_var_s1,True,1,rbc|rbc_reactive|W1,True,e2c97847a4,7/8 h15,7/8 h15,0/6/0,93.289484375,93.289484375,0.0,0.9784393300321976,0.9784393300321976,0.0,0.1267707687119773,0.1267707687119773,0.0,0.9026778102305942,0.9026778102305942,0.0,0.9174183121002454,0.9174183121002454,0.0,85.88073484625208,85.88073484625208,0.0,0.1701707425362487,0.1701707425362487,0.0,0.0,0.0,0.0,103599.08570739365,103599.08570739365,0.0,32100.794432216273,32100.794432216273,0.0,20781.114046875005,20781.114046875005,0.0,52881.908479091275,52881.908479091275,0.0,799.2736171875,799.2736171875,0.0,,,,59.73412197960459,59.73412197960459,0.0,-150163.69671141225,-150163.69671141225,0.0,-70501.62951342794,-70501.62951342794,0.0,,,,,,,,,
tr_rbc_reactive_var_s2,True,1,rbc|rbc_reactive|W1,True,e2c97847a4,7/22 h6,7/22 h6,0/15/0,94.1764765625,94.1764765625,0.0,0.9777364298090124,0.9777364298090124,0.0,0.13425927289144002,0.13425927289144002,0.0,0.8973299794499913,0.8973299794499913,0.0,0.9127339327341726,0.9127339327341726,0.0,84.93123096571372,84.93123096571372,0.0,0.17998621999918832,0.17998621999918832,0.0,0.0,0.0,0.0,110762.01173680878,110762.01173680878,0.0,34399.46559625939,34399.46559625939,0.0,21295.412937500016,21295.412937500016,0.0,55694.8785337594,55694.8785337594,0.0,819.05434375,819.05434375,0.0,,,,4.275239219113939,4.275239219113939,0.0,-155940.92522766083,-155940.92522766083,0.0,-74051.36285242507,-74051.36285242507,0.0,,,,,,,,,
tr_rbc_reactive_var_s3,True,1,rbc|rbc_reactive|W1,True,e2c97847a4,8/5 h15,8/5 h15,0/10/0,93.524,93.524,0.0,0.9759032544569624,0.9759032544569624,0.0,0.12682088647780562,0.12682088647780562,0.0,0.9043643937244685,0.9043643937244685,0.0,0.9182702505471382,0.9182702505471382,0.0,85.90627763041556,85.90627763041556,0.0,0.1700923921012824,0.1700923921012824,0.0,0.0,0.0,0.0,103900.57810168457,103900.57810168457,0.0,32235.479278637784,32235.479278637784,0.0,20675.465078125006,20675.465078125006,0.0,52910.94435676279,52910.94435676279,0.0,795.2101953125,795.2101953125,0.0,,,,62.13667834130134,62.13667834130134,0.0,-146677.63980390283,-146677.63980390283,0.0,-70076.77038122536,-70076.77038122536,0.0,,,,,,,,,
tr_rbc_reactive_var_s4,True,1,rbc|rbc_reactive|W1,True,e2c97847a4,8/5 h6,8/5 h6,0/15/0,93.3640625,93.3640625,0.0,0.9653736961971706,0.9653736961971706,0.0,0.13000456842513944,0.13000456842513944,0.0,0.9033201516595237,0.9033201516595237,0.0,0.9178997497056465,0.9178997497056465,0.0,85.92936437764024,85.92936437764024,0.0,0.1704541072382627,0.1704541072382627,0.0,0.0,0.0,0.0,106326.73074915695,106326.73074915695,0.0,32995.90738733868,32995.90738733868,0.0,20287.478148437513,20287.478148437513,0.0,53283.38553577619,53283.38553577619,0.0,780.28762109375,780.28762109375,0.0,,,,49.186019851999795,49.186019851999795,0.0,-149489.98414362024,-149489.98414362024,0.0,-70986.70532217281,-70986.70532217281,0.0,,,,,,,,,
tr_rbc_reactive_var_s5,True,1,rbc|rbc_reactive|W1,True,e2c97847a4,7/9 h6,7/9 h6,0/15/0,94.48915625,94.48915625,0.0,0.9739209241122013,0.9739209241122013,0.0,0.12850217383280396,0.12850217383280396,0.0,0.9000966748090288,0.9000966748090288,0.0,0.9139495399818176,0.9139495399818176,0.0,85.31191669122704,85.31191669122704,0.0,0.1798206982554986,0.1798206982554986,0.0,0.0,0.0,0.0,106364.46296015168,106364.46296015168,0.0,33030.309590462435,33030.309590462435,0.0,20787.23389843749,20787.23389843749,0.0,53817.54348889993,53817.54348889993,0.0,799.5089960937499,799.5089960937499,0.0,,,,32.17180727463747,32.17180727463747,0.0,-150234.6995558216,-150234.6995558216,0.0,-71999.66389530312,-71999.66389530312,0.0,,,,,,,,,
tr_rbc_reactive_hot,True,1,rbc|rbc_reactive|W2_hot,True,e2c97847a4,10/1 h12,10/1 h12,0/13/0,99.932515625,99.932515625,0.0,0.9542811783503358,0.9542811783503358,0.0,0.1982681595913461,0.1982681595913461,0.0,0.8355398424242282,0.8355398424242282,0.0,0.8397705299209396,0.8397705299209396,0.0,75.4479811376363,75.4479811376363,0.0,0.34322276841049304,0.34322276841049304,0.0,0.0,0.0,0.0,173565.69897720718,173565.69897720718,0.0,55752.698390685844,55752.698390685844,0.0,22952.953765625014,22952.953765625014,0.0,78705.65215631085,78705.65215631085,0.0,882.8059140625,882.8059140625,0.0,,,,-620.4076430047971,-620.4076430047971,0.0,-203944.3887353399,-203944.3887353399,0.0,-122466.99068374709,-122466.99068374709,0.0,,,,,,,,,
tr_rbc_reactive_cool,True,1,rbc|rbc_reactive|W2_cool,True,e2c97847a4,7/22 h15,7/22 h15,0/12/0,50.51807421875,50.51807421875,0.0,0.9236383743388092,0.9236383743388092,0.0,0.09557057639380943,0.09557057639380943,0.0,0.9187371982073863,0.9187371982073863,0.0,0.9213404317205015,0.9213404317205015,0.0,87.18783770507909,87.18783770507909,0.0,0.15496659827426768,0.15496659827426768,0.0,0.0,0.0,0.0,42293.643289386746,42293.643289386746,0.0,13430.344694727542,13430.344694727542,0.0,12137.281355468753,12137.281355468753,0.0,25567.626050196297,25567.626050196297,0.0,466.818513671875,466.818513671875,0.0,,,,363.9752607224334,363.9752607224334,0.0,-76321.70094979166,-76321.70094979166,0.0,-44467.80222648967,-44467.80222648967,0.0,,,,,,,,,
tr_rbc_proactive_var_s1,True,1,rbc|rbc_proactive|W1,True,e2c97847a4,7/8 h12,7/8 h12,0/10/0,84.8233046875,84.8233046875,0.0,0.9357678429646479,0.9357678429646479,0.0,0.18411039022179146,0.18411039022179146,0.0,0.9431466251151897,0.9431466251151897,0.0,0.9462061872211541,0.9462061872211541,0.0,90.53541605265744,90.53541605265744,0.0,0.11742003482127544,0.11742003482127544,0.0,10.391552511415526,10.391552511415526,0.0,136803.62111903762,136803.62111903762,0.0,40316.294222436576,40316.294222436576,0.0,19394.94395312498,19394.94395312498,0.0,59711.23817556156,59711.23817556156,0.0,745.9593828124999,745.9593828124999,0.0,,,,122.47747467015151,122.47747467015151,0.0,-76869.10695113931,-76869.10695113931,0.0,-55403.13195962664,-55403.13195962664,0.0,,,,,,,,,
tr_rbc_proactive_var_s2,True,1,rbc|rbc_proactive|W1,True,e2c97847a4,6/21 h15,6/21 h15,0/15/0,92.6080390625,92.6080390625,0.0,0.970611173686546,0.970611173686546,0.0,0.17707983796146598,0.17707983796146598,0.0,0.9427241142270673,0.9427241142270673,0.0,0.9455807563493887,0.9455807563493887,0.0,90.41998231653405,90.41998231653405,0.0,0.11977075190918367,0.11977075190918367,0.0,10.500380517503805,10.500380517503805,0.0,143655.38498778152,143655.38498778152,0.0,42522.17140671619,42522.17140671619,0.0,20458.48471875001,20458.48471875001,0.0,62980.656125466194,62980.656125466194,0.0,786.864796875,786.864796875,0.0,,,,89.6598493835873,89.6598493835873,0.0,-78077.02812157095,-78077.02812157095,0.0,-57669.09790652111,-57669.09790652111,0.0,,,,,,,,,
tr_rbc_proactive_var_s3,True,1,rbc|rbc_proactive|W1,True,e2c97847a4,7/26 h15,7/26 h15,0/13/0,92.1401171875,92.1401171875,0.0,0.9678056930479664,0.9678056930479664,0.0,0.16937771489905284,0.16937771489905284,0.0,0.9446275589431699,0.9446275589431699,0.0,0.9472345953964788,0.9472345953964788,0.0,90.7088122605364,90.7088122605364,0.0,0.1175225057118482,0.1175225057118482,0.0,10.384322678843228,10.384322678843228,0.0,136712.7866978073,136712.7866978073,0.0,40319.28453410286,40319.28453410286,0.0,19619.75346093751,19619.75346093751,0.0,59939.03799504037,59939.03799504037,0.0,754.60590234375,754.60590234375,0.0,,,,127.10313868554117,127.10313868554117,0.0,-74786.84906457736,-74786.84906457736,0.0,-55151.87109914066,-55151.87109914066,0.0,,,,,,,,,
tr_rbc_proactive_var_s4,True,1,rbc|rbc_proactive|W1,True,e2c97847a4,8/5 h14,8/5 h14,0/6/0,92.1764375,92.1764375,0.0,0.9526519100997705,0.9526519100997705,0.0,0.17274367159157036,0.17274367159157036,0.0,0.9439031628051047,0.9439031628051047,0.0,0.9464958995633374,0.9464958995633374,0.0,90.65134099616859,90.65134099616859,0.0,0.11771098485289531,0.11771098485289531,0.0,10.389459665144598,10.389459665144598,0.0,139484.57113231276,139484.57113231276,0.0,41184.966601543856,41184.966601543856,0.0,20338.925851562504,20338.925851562504,0.0,61523.89245310636,61523.89245310636,0.0,782.26637890625,782.26637890625,0.0,,,,113.63736922864487,113.63736922864487,0.0,-75510.3025640522,-75510.3025640522,0.0,-55924.521065889276,-55924.521065889276,0.0,,,,,,,,,
tr_rbc_proactive_var_s5,True,1,rbc|rbc_proactive|W1,True,e2c97847a4,7/8 h12,7/8 h12,0/11/0,92.931703125,92.931703125,0.0,0.9644315221892986,0.9644315221892986,0.0,0.1711702943102915,0.1711702943102915,0.0,0.9427387816521835,0.9427387816521835,0.0,0.9450740785179608,0.9450740785179608,0.0,90.4720502996365,90.4720502996365,0.0,0.12264674533407793,0.12264674533407793,0.0,10.432077625570777,10.432077625570777,0.0,139346.60749804688,139346.60749804688,0.0,41141.93123802374,41141.93123802374,0.0,19953.91003125,19953.91003125,0.0,61095.84126927374,61095.84126927374,0.0,767.458078125,767.458078125,0.0,,,,106.33986330440752,106.33986330440752,0.0,-76170.48990593277,-76170.48990593277,0.0,-56480.92783361933,-56480.92783361933,0.0,,,,,,,,,
tr_rbc_proactive_hot,True,1,rbc|rbc_proactive|W2_hot,True,e2c97847a4,6/28 h15,6/28 h15,0/9/0,95.2156953125,95.2156953125,0.0,0.9901134926339037,0.9901134926339037,0.0,0.22650020118292055,0.22650020118292055,0.0,0.8953312999910705,0.8953312999910705,0.0,0.8844240319094685,0.8844240319094685,0.0,81.98005698005699,81.98005698005699,0.0,0.23325870724532066,0.23325870724532066,0.0,5.614535768645357,5.614535768645357,0.0,188921.43750190354,188921.43750190354,0.0,58620.00620205596,58620.00620205596,0.0,21940.31653125003,21940.31653125003,0.0,80560.32273330599,80560.32273330599,0.0,843.858328125,843.858328125,0.0,,,,-337.12497214675733,-337.12497214675733,0.0,-91890.18741782618,-91890.18741782618,0.0,-87421.72070901643,-87421.72070901643,0.0,,,,,,,,,
tr_rbc_proactive_cool,True,1,rbc|rbc_proactive|W2_cool,True,e2c97847a4,7/22 h15,7/22 h15,0/10/0,48.5009140625,48.5009140625,0.0,0.8949678302926666,0.8949678302926666,0.0,0.16256574902872678,0.16256574902872678,0.0,0.9485755405069642,0.9485755405069642,0.0,0.94721311502073,0.94721311502073,0.0,90.8684546615581,90.8684546615581,0.0,0.1007694501377459,0.1007694501377459,0.0,9.475076103500761,9.475076103500761,0.0,69068.98582677841,69068.98582677841,0.0,20255.78347518363,20255.78347518363,0.0,12220.143964843743,12220.143964843743,0.0,32475.92744002737,32475.92744002737,0.0,470.005537109375,470.005537109375,0.0,,,,408.87472661828417,408.87472661828417,0.0,-36964.519892466145,-36964.519892466145,0.0,-32505.97207427442,-32505.97207427442,0.0,,,,,,,,,
tr_rbc_dl_var_s1,True,1,rbc|rbc_dl|W1,True,e2c97847a4,7/8 h12,7/8 h12,0/15/0,94.1014765625,94.1014765625,0.0,0.9869513561691674,0.9869513561691674,0.0,0.16453990872731095,0.16453990872731095,0.0,0.941388704643576,0.941388704643576,0.0,0.9458863320910366,0.9458863320910366,0.0,90.48089203261617,90.48089203261617,0.0,0.11801122412113348,0.11801122412113348,0.0,9.571727549467274,9.571727549467274,0.0,135635.00767476272,135635.00767476272,0.0,40096.26793782727,40096.26793782727,0.0,19992.525109375005,19992.525109375005,0.0,60088.79304720228,60088.79304720228,0.0,768.9432734375,768.9432734375,0.0,,,,124.83383218085321,124.83383218085321,0.0,-77872.00458429546,-77872.00458429546,0.0,-54929.048656111896,-54929.048656111896,0.0,,,,,,,,,
tr_rbc_dl_var_s2,True,1,rbc|rbc_dl|W1,True,e2c97847a4,8/2 h12,8/2 h12,0/15/0,96.9053046875,96.9053046875,0.0,0.9814350793879159,0.9814350793879159,0.0,0.1677450145167399,0.1677450145167399,0.0,0.9409653071564988,0.9409653071564988,0.0,0.9452987126632756,0.9452987126632756,0.0,90.33451223106395,90.33451223106395,0.0,0.12030788454750366,0.12030788454750366,0.0,9.636986301369863,9.636986301369863,0.0,142397.1440560112,142397.1440560112,0.0,42270.393428411335,42270.393428411335,0.0,20725.037632812495,20725.037632812495,0.0,62995.43106122383,62995.43106122383,0.0,797.1168320312499,797.1168320312499,0.0,,,,92.77677425737258,92.77677425737258,0.0,-79089.47423029186,-79089.47423029186,0.0,-57187.65085437699,-57187.65085437699,0.0,,,,,,,,,
tr_rbc_dl_var_s3,True,1,rbc|rbc_dl|W1,True,e2c97847a4,6/19 h12,6/19 h12,0/15/0,95.1681953125,95.1681953125,0.0,0.9719340296330167,0.9719340296330167,0.0,0.1624602369243379,0.1624602369243379,0.0,0.9428906599687448,0.9428906599687448,0.0,0.9469375946445651,0.9469375946445651,0.0,90.63267511543374,90.63267511543374,0.0,0.11808651624933057,0.11808651624933057,0.0,9.528538812785389,9.528538812785389,0.0,135438.7766092224,135438.7766092224,0.0,40067.593539797235,40067.593539797235,0.0,19738.3000546875,19738.3000546875,0.0,59805.89359448473,59805.89359448473,0.0,759.16538671875,759.16538671875,0.0,,,,130.2629108589524,130.2629108589524,0.0,-75726.8207861926,-75726.8207861926,0.0,-54653.03157495965,-54653.03157495965,0.0,,,,,,,,,
tr_rbc_dl_var_s4,True,1,rbc|rbc_dl|W1,True,e2c97847a4,6/19 h12,6/19 h12,0/15/0,99.890765625,99.890765625,0.0,0.9881904020867062,0.9881904020867062,0.0,0.15800801277045506,0.15800801277045506,0.0,0.9421798411851446,0.9421798411851446,0.0,0.946234247670557,0.946234247670557,0.0,90.58551920620886,90.58551920620886,0.0,0.11821465126621863,0.11821465126621863,0.0,9.503805175038051,9.503805175038051,0.0,138263.8224058037,138263.8224058037,0.0,40951.742657013725,40951.742657013725,0.0,20912.487171875004,20912.487171875004,0.0,61864.229828888725,61864.229828888725,0.0,804.3264296875,804.3264296875,0.0,,,,116.75340113018174,116.75340113018174,0.0,-76496.33031503792,-76496.33031503792,0.0,-55429.94599492954,-55429.94599492954,0.0,,,,,,,,,
tr_rbc_dl_var_s5,True,1,rbc|rbc_dl|W1,True,e2c97847a4,7/9 h11,7/9 h11,0/14/0,99.9605546875,99.9605546875,0.0,0.988721931632247,0.988721931632247,0.0,0.15768762630101685,0.15768762630101685,0.0,0.940963504895379,0.940963504895379,0.0,0.9447008927698302,0.9447008927698302,0.0,90.34679241575793,90.34679241575793,0.0,0.12337361231149052,0.12337361231149052,0.0,9.582001522070014,9.582001522070014,0.0,138079.87310946654,138079.87310946654,0.0,40896.35451909258,40896.35451909258,0.0,20122.522976562508,20122.522976562508,0.0,61018.87749565509,61018.87749565509,0.0,773.94319140625,773.94319140625,0.0,,,,108.75990567611426,108.75990567611426,0.0,-77127.47023230314,-77127.47023230314,0.0,-55990.45472458296,-55990.45472458296,0.0,,,,,,,,,
tr_rbc_dl_hot,True,1,rbc|rbc_dl|W2_hot,True,e2c97847a4,6/28 h15,6/28 h15,0/13/0,110.0148984375,110.0148984375,0.0,0.9928128821482544,0.9928128821482544,0.0,0.19558705924076575,0.19558705924076575,0.0,0.8948017738664301,0.8948017738664301,0.0,0.8838595287276516,0.8838595287276516,0.0,81.79634541703507,81.79634541703507,0.0,0.23466136038379476,0.23466136038379476,0.0,4.670281582952816,4.670281582952816,0.0,188493.21641262437,188493.21641262437,0.0,58570.26816091559,58570.26816091559,0.0,23320.028468749973,23320.028468749973,0.0,81890.29662966556,81890.29662966556,0.0,896.924171875,896.924171875,0.0,,,,-335.8101003271435,-335.8101003271435,0.0,-92200.72286563975,-92200.72286563975,0.0,-87351.50040440587,-87351.50040440587,0.0,,,,,,,,,
tr_rbc_dl_cool,True,1,rbc|rbc_dl|W2_cool,True,e2c97847a4,7/22 h15,7/22 h15,0/10/0,48.51448046875,48.51448046875,0.0,0.8960881315397811,0.8960881315397811,0.0,0.1595675644020528,0.1595675644020528,0.0,0.9472793780174299,0.9472793780174299,0.0,0.9470672297211583,0.9470672297211583,0.0,90.84192946261912,90.84192946261912,0.0,0.10094121835451744,0.10094121835451744,0.0,8.483828006088281,8.483828006088281,0.0,67814.11638287353,67814.11638287353,0.0,19992.534503241553,19992.534503241553,0.0,12200.267980468761,12200.267980468761,0.0,32192.802483710315,32192.802483710315,0.0,469.241076171875,469.241076171875,0.0,,,,415.32010480791985,415.32010480791985,0.0,-37444.08178224817,-37444.08178224817,0.0,-31991.529948602994,-31991.529948602994,0.0,,,,,,,,,
tr_rbc_pro_cm0p5_var_s1,True,1,rbc|rbc_pro_cm0p5|W1,True,e2c97847a4,7/8 h12,7/8 h12,0/11/2,86.56690625,86.56690625,0.0,0.9399025839507773,0.9399025839507773,0.0,0.1837725741770022,0.1837725741770022,0.0,0.945246864196856,0.945246864196856,0.0,0.9486131726583601,0.9486131726583601,0.0,90.95343353964044,90.95343353964044,0.0,0.11369017676105964,0.11369017676105964,0.0,13.420662100456621,13.420662100456621,0.0,139359.53923289108,139359.53923289108,0.0,41074.8165304477,41074.8165304477,0.0,19550.165781249994,19550.165781249994,0.0,60624.98231169769,60624.98231169769,0.0,751.929453125,751.929453125,0.0,,,,70.46778741154435,70.46778741154435,0.0,-75976.00629381336,-75976.00629381336,0.0,-55145.489825139215,-55145.489825139215,0.0,,,,,,,,,
tr_rbc_pro_cm0p5_var_s2,True,1,rbc|rbc_pro_cm0p5|W1,True,e2c97847a4,6/27 h15,6/27 h15,0/6/1,90.3967578125,90.3967578125,0.0,0.9416119123918519,0.9416119123918519,0.0,0.1842100945377526,0.1842100945377526,0.0,0.9450046403111764,0.9450046403111764,0.0,0.9481783531147261,0.9481783531147261,0.0,90.8949798604971,90.8949798604971,0.0,0.11562910877963774,0.11562910877963774,0.0,13.53025114155251,13.53025114155251,0.0,145871.47885031128,145871.47885031128,0.0,43171.98247229971,43171.98247229971,0.0,20286.39650781249,20286.39650781249,0.0,63458.3789801122,63458.3789801122,0.0,780.24601953125,780.24601953125,0.0,,,,41.10753159699115,41.10753159699115,0.0,-76973.36581183282,-76973.36581183282,0.0,-57266.69081613946,-57266.69081613946,0.0,,,,,,,,,
tr_rbc_pro_cm0p5_var_s3,True,1,rbc|rbc_pro_cm0p5|W1,True,e2c97847a4,7/23 h14,7/23 h14,0/8/0,91.813484375,91.813484375,0.0,0.9574020700819416,0.9574020700819416,0.0,0.17276551014999436,0.17276551014999436,0.0,0.9467017945064709,0.9467017945064709,0.0,0.9496149506799783,0.9496149506799783,0.0,91.15482856862167,91.15482856862167,0.0,0.11377010232796297,0.11377010232796297,0.0,13.419330289193304,13.419330289193304,0.0,138952.9023682518,138952.9023682518,0.0,40980.803751661784,40980.803751661784,0.0,19607.472828125,19607.472828125,0.0,60588.27657978678,60588.27657978678,0.0,754.1335703125,754.1335703125,0.0,,,,77.21766958700766,77.21766958700766,0.0,-73783.47465352368,-73783.47465352368,0.0,-54772.7151154462,-54772.7151154462,0.0,,,,,,,,,
tr_rbc_pro_cm0p5_var_s4,True,1,rbc|rbc_pro_cm0p5|W1,True,e2c97847a4,8/5 h14,8/5 h14,0/4/6,91.7689765625,91.7689765625,0.0,0.9462526487653287,0.9462526487653287,0.0,0.1766781164194635,0.1766781164194635,0.0,0.9461187314251975,0.9461187314251975,0.0,0.9490364573142749,0.9490364573142749,0.0,91.05658709106986,91.05658709106986,0.0,0.11373657845527964,0.11373657845527964,0.0,13.4484398782344,13.4484398782344,0.0,142030.87254128646,142030.87254128646,0.0,41935.47711701394,41935.47711701394,0.0,20330.916125000014,20330.916125000014,0.0,62266.39324201396,62266.39324201396,0.0,781.9583125,781.9583125,0.0,,,,62.154473183547005,62.154473183547005,0.0,-74513.68696307452,-74513.68696307452,0.0,-55621.77505535306,-55621.77505535306,0.0,,,,,,,,,
tr_rbc_pro_cm0p5_var_s5,True,1,rbc|rbc_pro_cm0p5|W1,True,e2c97847a4,7/8 h12,7/8 h12,0/11/1,95.004640625,95.004640625,0.0,0.9761761980649724,0.9761761980649724,0.0,0.17026742431530417,0.17026742431530417,0.0,0.9448742622979909,0.9448742622979909,0.0,0.9475133053951829,0.9475133053951829,0.0,90.89547106788486,90.89547106788486,0.0,0.11881045332731587,0.11881045332731587,0.0,13.476027397260273,13.476027397260273,0.0,141703.47220524598,141703.47220524598,0.0,41833.729822529356,41833.729822529356,0.0,20077.419171875026,20077.419171875026,0.0,61911.148994404386,61911.148994404386,0.0,772.2084296875,772.2084296875,0.0,,,,55.388668568782684,55.388668568782684,0.0,-75163.06284191513,-75163.06284191513,0.0,-56148.71253028409,-56148.71253028409,0.0,,,,,,,,,
tr_rbc_pro_cm0p5_hot,True,1,rbc|rbc_pro_cm0p5|W2_hot,True,e2c97847a4,6/28 h15,6/28 h15,0/9/2,98.0076171875,98.0076171875,0.0,0.9986683829862362,0.9986683829862362,0.0,0.22356199790912445,0.22356199790912445,0.0,0.898657026870028,0.898657026870028,0.0,0.8880025586796798,0.8880025586796798,0.0,82.42803811769329,82.42803811769329,0.0,0.22625014558734638,0.22625014558734638,0.0,8.715563165905632,8.715563165905632,0.0,191938.42148865128,191938.42148865128,0.0,59532.62345027874,59532.62345027874,0.0,22095.960250000007,22095.960250000007,0.0,81628.58370027874,81628.58370027874,0.0,849.844625,849.844625,0.0,,,,-387.2713043921774,-387.2713043921774,0.0,-89637.92721415705,-89637.92721415705,0.0,-86845.29017011188,-86845.29017011188,0.0,,,,,,,,,
tr_rbc_pro_cm0p5_cool,True,1,rbc|rbc_pro_cm0p5|W2_cool,True,e2c97847a4,7/22 h15,7/22 h15,0/9/2,49.46272265625,49.46272265625,0.0,0.904172535615413,0.904172535615413,0.0,0.16277362706907733,0.16277362706907733,0.0,0.9512988641135939,0.9512988641135939,0.0,0.9505879120852369,0.9505879120852369,0.0,91.33952254641909,91.33952254641909,0.0,0.09471460045033987,0.09471460045033987,0.0,12.206621004566209,12.206621004566209,0.0,70528.74651807404,70528.74651807404,0.0,20694.93009753179,20694.93009753179,0.0,12386.79888671875,12386.79888671875,0.0,33081.72898425054,33081.72898425054,0.0,476.415341796875,476.415341796875,0.0,,,,385.0003998433576,385.0003998433576,0.0,-37292.75048672373,-37292.75048672373,0.0,-32027.86085112846,-32027.86085112846,0.0,,,,,,,,,
tr_rbc_pro_cm1p5_var_s1,True,1,rbc|rbc_pro_cm1p5|W1,True,e2c97847a4,7/8 h12,7/8 h12,0/10/0,83.334046875,83.334046875,0.0,0.8795511743023461,0.8795511743023461,0.0,0.1841244256444491,0.1841244256444491,0.0,0.940438734280587,0.940438734280587,0.0,0.9431838904184734,0.9431838904184734,0.0,90.04862953138814,90.04862953138814,0.0,0.12207072815500143,0.12207072815500143,0.0,10.113013698630137,10.113013698630137,0.0,134411.9816131859,134411.9816131859,0.0,39620.30395603475,39620.30395603475,0.0,19154.256468749998,19154.256468749998,0.0,58774.56042478475,58774.56042478475,0.0,736.702171875,736.702171875,0.0,,,,152.8420634313644,152.8420634313644,0.0,-78480.32677628545,-78480.32677628545,0.0,-55915.224865497745,-55915.224865497745,0.0,,,,,,,,,
tr_rbc_pro_cm1p5_var_s2,True,1,rbc|rbc_pro_cm1p5|W1,True,e2c97847a4,6/21 h15,6/21 h15,0/15/0,92.6080390625,92.6080390625,0.0,0.9726029744974387,0.9726029744974387,0.0,0.17441499622753712,0.17441499622753712,0.0,0.9397679757507579,0.9397679757507579,0.0,0.9422953223654242,0.9422953223654242,0.0,89.85165536889674,89.85165536889674,0.0,0.1248768390308299,0.1248768390308299,0.0,10.20738203957382,10.20738203957382,0.0,141493.5416654358,141493.5416654358,0.0,41885.72608363134,41885.72608363134,0.0,20399.394234374988,20399.394234374988,0.0,62285.12031800633,62285.12031800633,0.0,784.5920859375,784.5920859375,0.0,,,,116.83278984586285,116.83278984586285,0.0,-79845.53395756568,-79845.53395756568,0.0,-58293.79698673666,-58293.79698673666,0.0,,,,,,,,,
tr_rbc_pro_cm1p5_var_s3,True,1,rbc|rbc_pro_cm1p5|W1,True,e2c97847a4,8/5 h15,8/5 h15,0/5/0,92.780796875,92.780796875,0.0,0.9776056498871353,0.9776056498871353,0.0,0.16554709259168524,0.16554709259168524,0.0,0.941890483084751,0.941890483084751,0.0,0.9441540135779398,0.9441540135779398,0.0,90.22742902053247,90.22742902053247,0.0,0.1222738950750728,0.1222738950750728,0.0,10.087899543378995,10.087899543378995,0.0,134550.01865792467,134550.01865792467,0.0,39694.36209232943,39694.36209232943,0.0,19993.650828124984,19993.650828124984,0.0,59688.012920454414,59688.012920454414,0.0,768.9865703125,768.9865703125,0.0,,,,155.05816508678458,155.05816508678458,0.0,-76413.2913115438,-76413.2913115438,0.0,-55718.98749983435,-55718.98749983435,0.0,,,,,,,,,
tr_rbc_pro_cm1p5_var_s4,True,1,rbc|rbc_pro_cm1p5|W1,True,e2c97847a4,6/27 h14,6/27 h14,0/5/0,92.3987109375,92.3987109375,0.0,0.9621937824659671,0.9621937824659671,0.0,0.1693743149754322,0.1693743149754322,0.0,0.9410802706787745,0.9410802706787745,0.0,0.9433398173423141,0.9433398173423141,0.0,90.16209843796051,90.16209843796051,0.0,0.12255433938488967,0.12255433938488967,0.0,10.108066971080671,10.108066971080671,0.0,137093.72291815185,137093.72291815185,0.0,40492.09803272658,40492.09803272658,0.0,20318.888382812525,20318.888382812525,0.0,60810.986415539104,60810.986415539104,0.0,781.49570703125,781.49570703125,0.0,,,,143.58478322015662,143.58478322015662,0.0,-77197.49094838908,-77197.49094838908,0.0,-56481.82093663681,-56481.82093663681,0.0,,,,,,,,,
tr_rbc_pro_cm1p5_var_s5,True,1,rbc|rbc_pro_cm1p5|W1,True,e2c97847a4,8/5 h14,8/5 h14,0/6/0,92.70225,92.70225,0.0,0.9643710204731053,0.9643710204731053,0.0,0.16882376093729312,0.16882376093729312,0.0,0.9399831043183144,0.9399831043183144,0.0,0.9420019440680101,0.9420019440680101,0.0,89.93466941742804,89.93466941742804,0.0,0.12750908414042664,0.12750908414042664,0.0,10.120243531202435,10.120243531202435,0.0,137097.0002329788,137097.0002329788,0.0,40492.65302109923,40492.65302109923,0.0,20350.63072656249,20350.63072656249,0.0,60843.28374766171,60843.28374766171,0.0,782.71656640625,782.71656640625,0.0,,,,134.73561369488843,134.73561369488843,0.0,-77865.73015072776,-77865.73015072776,0.0,-57057.77334791028,-57057.77334791028,0.0,,,,,,,,,
tr_rbc_pro_cm1p5_hot,True,1,rbc|rbc_pro_cm1p5|W2_hot,True,e2c97847a4,10/1 h12,10/1 h12,0/12/0,93.28090625,93.28090625,0.0,0.9678153525300838,0.9678153525300838,0.0,0.22783016916845267,0.22783016916845267,0.0,0.8918806175956128,0.8918806175956128,0.0,0.8807346772697869,0.8807346772697869,0.0,81.43530798703212,81.43530798703212,0.0,0.24128578240188261,0.24128578240188261,0.0,5.114345509893456,5.114345509893456,0.0,186169.31274384688,186169.31274384688,0.0,57791.1942762338,57791.1942762338,0.0,21758.2275625,21758.2275625,0.0,79549.4218387338,79549.4218387338,0.0,836.85490625,836.85490625,0.0,,,,-309.5139164390669,-309.5139164390669,0.0,-94744.26549421763,-94744.26549421763,0.0,-88229.02481448978,-88229.02481448978,0.0,,,,,,,,,
tr_rbc_pro_cm1p5_cool,True,1,rbc|rbc_pro_cm1p5|W2_cool,True,e2c97847a4,7/22 h15,7/22 h15,0/11/0,47.5896796875,47.5896796875,0.0,0.8867022106463721,0.8867022106463721,0.0,0.16281233682200258,0.16281233682200258,0.0,0.945267211097765,0.945267211097765,0.0,0.9433500258937685,0.9433500258937685,0.0,90.39100108065625,90.39100108065625,0.0,0.10777967419555477,0.10777967419555477,0.0,9.402397260273974,9.402397260273974,0.0,67874.11775674438,67874.11775674438,0.0,19892.592455363272,19892.592455363272,0.0,12061.171839843752,12061.171839843752,0.0,31953.764295207024,31953.764295207024,0.0,463.891224609375,463.891224609375,0.0,,,,413.5246658901437,413.5246658901437,0.0,-37502.1301595093,-37502.1301595093,0.0,-33265.75443687397,-33265.75443687397,0.0,,,,,,,,,
tr_rbc_pro_cm2p0_var_s1,True,1,rbc|rbc_pro_cm2p0|W1,True,e2c97847a4,8/27 h14,8/27 h14,0/5/0,92.9175078125,92.9175078125,0.0,0.9888910782042376,0.9888910782042376,0.0,0.16231264387248037,0.16231264387248037,0.0,0.9372833883106899,0.9372833883106899,0.0,0.9397141023336506,0.9397141023336506,0.0,89.51616072305727,89.51616072305727,0.0,0.1275854739028844,0.1275854739028844,0.0,8.06982496194825,8.06982496194825,0.0,132115.57247057723,132115.57247057723,0.0,38948.85323507129,38948.85323507129,0.0,19738.829093750002,19738.829093750002,0.0,58687.68232882129,58687.68232882129,0.0,759.185734375,759.185734375,0.0,,,,111.26123537026784,111.26123537026784,0.0,-80631.31770359555,-80631.31770359555,0.0,-56588.21669226072,-56588.21669226072,0.0,,,,,,,,,
tr_rbc_pro_cm2p0_var_s2,True,1,rbc|rbc_pro_cm2p0|W1,True,e2c97847a4,6/27 h8,6/27 h8,0/11/0,92.708859375,92.708859375,0.0,0.9727418604840958,0.9727418604840958,0.0,0.17175719559716232,0.17175719559716232,0.0,0.9360724381733609,0.9360724381733609,0.0,0.9382317417114314,0.9382317417114314,0.0,89.1914726397485,89.1914726397485,0.0,0.1314073334181513,0.1314073334181513,0.0,8.24334094368341,8.24334094368341,0.0,139489.10395297242,139489.10395297242,0.0,41302.6454111438,41302.6454111438,0.0,20513.119250000007,20513.119250000007,0.0,61815.76466114381,61815.76466114381,0.0,788.966125,788.966125,0.0,,,,71.84181253920686,71.84181253920686,0.0,-82325.78051228555,-82325.78051228555,0.0,-59181.70386738278,-59181.70386738278,0.0,,,,,,,,,
tr_rbc_pro_cm2p0_var_s3,True,1,rbc|rbc_pro_cm2p0|W1,True,e2c97847a4,8/5 h15,8/5 h15,0/6/0,93.019609375,93.019609375,0.0,0.9836384663467604,0.9836384663467604,0.0,0.1624994447069593,0.1624994447069593,0.0,0.9385460512449759,0.9385460512449759,0.0,0.9404505036739458,0.9404505036739458,0.0,89.60457805285391,89.60457805285391,0.0,0.12811309776930122,0.12811309776930122,0.0,8.167427701674276,8.167427701674276,0.0,132412.96146379088,132412.96146379088,0.0,39073.63434606168,39073.63434606168,0.0,20171.62915624999,20171.62915624999,0.0,59245.26350231167,59245.26350231167,0.0,775.831890625,775.831890625,0.0,,,,112.25412367768719,112.25412367768719,0.0,-78660.42637418913,-78660.42637418913,0.0,-56475.303186781064,-56475.303186781064,0.0,,,,,,,,,
tr_rbc_pro_cm2p0_var_s4,True,1,rbc|rbc_pro_cm2p0|W1,True,e2c97847a4,6/27 h15,6/27 h15,0/5/0,92.6491015625,92.6491015625,0.0,0.9687878202141265,0.9687878202141265,0.0,0.16616871951494938,0.16616871951494938,0.0,0.9378239328072344,0.9378239328072344,0.0,0.9397385023597978,0.9397385023597978,0.0,89.58247372040475,89.58247372040475,0.0,0.12828138743113002,0.12828138743113002,0.0,8.038812785388128,8.038812785388128,0.0,134863.55132065582,134863.55132065582,0.0,39830.703728469955,39830.703728469955,0.0,19891.134757812506,19891.134757812506,0.0,59721.83848628246,59721.83848628246,0.0,765.04364453125,765.04364453125,0.0,,,,101.65136843976714,101.65136843976714,0.0,-79497.29565427321,-79497.29565427321,0.0,-57207.21823519548,-57207.21823519548,0.0,,,,,,,,,
tr_rbc_pro_cm2p0_var_s5,True,1,rbc|rbc_pro_cm2p0|W1,True,e2c97847a4,7/26 h15,7/26 h15,0/5/0,92.9225078125,92.9225078125,0.0,0.9679885227143554,0.9679885227143554,0.0,0.1656972777753797,0.1656972777753797,0.0,0.9365333653443676,0.9365333653443676,0.0,0.9381921156744601,0.9381921156744601,0.0,89.32557225660675,89.32557225660675,0.0,0.13370373520756043,0.13370373520756043,0.0,8.138508371385084,8.138508371385084,0.0,134877.77771607207,134877.77771607207,0.0,39845.80471531437,39845.80471531437,0.0,20326.31818749998,20326.31818749998,0.0,60172.12290281435,60172.12290281435,0.0,781.78146875,781.78146875,0.0,,,,91.41999713076937,91.41999713076937,0.0,-80187.5236963699,-80187.5236963699,0.0,-57846.28416712524,-57846.28416712524,0.0,,,,,,,,,
tr_rbc_pro_cm2p0_hot,True,1,rbc|rbc_pro_cm2p0|W2_hot,True,e2c97847a4,10/1 h12,10/1 h12,0/12/0,96.0782265625,96.0782265625,0.0,0.9785775747074544,0.9785775747074544,0.0,0.2182003894334622,0.2182003894334622,0.0,0.8881418320151164,0.8881418320151164,0.0,0.8767564336687212,0.8767564336687212,0.0,80.77070439139405,80.77070439139405,0.0,0.25048528469455744,0.25048528469455744,0.0,3.0390030441400304,3.0390030441400304,0.0,183647.32451964187,183647.32451964187,0.0,57045.104144903686,57045.104144903686,0.0,21629.672492187474,21629.672492187474,0.0,78674.77663709116,78674.77663709116,0.0,831.91048046875,831.91048046875,0.0,,,,-358.04691165966835,-358.04691165966835,0.0,-98516.01194290094,-98516.01194290094,0.0,-89325.82374072395,-89325.82374072395,0.0,,,,,,,,,
tr_rbc_pro_cm2p0_cool,True,1,rbc|rbc_pro_cm2p0|W2_cool,True,e2c97847a4,7/22 h15,7/22 h15,0/10/0,46.5263046875,46.5263046875,0.0,0.8719731608912936,0.8719731608912936,0.0,0.164004416358138,0.164004416358138,0.0,0.9417764170303577,0.9417764170303577,0.0,0.9393587973558407,0.9393587973558407,0.0,89.92238923273406,89.92238923273406,0.0,0.1153733344639738,0.1153733344639738,0.0,9.303082191780822,9.303082191780822,0.0,66843.3503432312,66843.3503432312,0.0,19575.794312284026,19575.794312284026,0.0,11875.052871093749,11875.052871093749,0.0,31450.847183377773,31450.847183377773,0.0,456.732802734375,456.732802734375,0.0,,,,377.39294562362363,377.39294562362363,0.0,-38513.34346834466,-38513.34346834466,0.0,-34206.43632936484,-34206.43632936484,0.0,,,,,,,,,
tr_rbc_pro_cm2p5_var_s1,True,1,rbc|rbc_pro_cm2p5|W1,True,e2c97847a4,7/8 h15,7/8 h15,0/5/0,93.289484375,93.289484375,0.0,0.9965269713352313,0.9965269713352313,0.0,0.1590498966240934,0.1590498966240934,0.0,0.9330564289448343,0.9330564289448343,0.0,0.9351434711984274,0.9351434711984274,0.0,88.78475292268396,88.78475292268396,0.0,0.13517765078098218,0.13517765078098218,0.0,8.071537290715373,8.071537290715373,0.0,129978.10173059846,129978.10173059846,0.0,38334.42279349734,38334.42279349734,0.0,19555.721859375004,19555.721859375004,0.0,57890.144652872346,57890.144652872346,0.0,752.1431484375,752.1431484375,0.0,,,,59.86546652589334,59.86546652589334,0.0,-84218.41150263976,-84218.41150263976,0.0,-57776.23040395333,-57776.23040395333,0.0,,,,,,,,,
tr_rbc_pro_cm2p5_var_s2,True,1,rbc|rbc_pro_cm2p5|W1,True,e2c97847a4,7/23 h13,7/23 h13,0/0/0,93.128453125,93.128453125,0.0,0.9749865818774986,0.9749865818774986,0.0,0.16850687929723213,0.16850687929723213,0.0,0.9310866278879538,0.9310866278879538,0.0,0.9328188472925615,0.9328188472925615,0.0,88.3289124668435,88.3289124668435,0.0,0.14037676758611078,0.14037676758611078,0.0,8.242770167427702,8.242770167427702,0.0,137468.79668648148,137468.79668648148,0.0,40708.06462957943,40708.06462957943,0.0,20696.51258593751,20696.51258593751,0.0,61404.57721551694,61404.57721551694,0.0,796.01971484375,796.01971484375,0.0,,,,18.123358859493727,18.123358859493727,0.0,-86289.59932719155,-86289.59932719155,0.0,-60593.21902923087,-60593.21902923087,0.0,,,,,,,,,
tr_rbc_pro_cm2p5_var_s3,True,1,rbc|rbc_pro_cm2p5|W1,True,e2c97847a4,8/5 h15,8/5 h15,0/9/0,93.267359375,93.267359375,0.0,0.990867749500876,0.990867749500876,0.0,0.15957491761688866,0.15957491761688866,0.0,0.9341798490310415,0.9341798490310415,0.0,0.9357137892180063,0.9357137892180063,0.0,88.8623636899499,88.8623636899499,0.0,0.1359211271176203,0.1359211271176203,0.0,8.16837899543379,8.16837899543379,0.0,130376.22921222687,130376.22921222687,0.0,38477.95787616161,38477.95787616161,0.0,20083.80034374999,20083.80034374999,0.0,58561.7582199116,58561.7582199116,0.0,772.453859375,772.453859375,0.0,,,,60.706755814880616,60.706755814880616,0.0,-82336.78090868765,-82336.78090868765,0.0,-57754.53223649662,-57754.53223649662,0.0,,,,,,,,,
tr_rbc_pro_cm2p5_var_s4,True,1,rbc|rbc_pro_cm2p5|W1,True,e2c97847a4,6/27 h15,6/27 h15,0/9/0,91.358921875,91.358921875,0.0,0.9573889091896293,0.9573889091896293,0.0,0.16590744490729353,0.16590744490729353,0.0,0.9335070813081929,0.9335070813081929,0.0,0.9350739914013719,0.9350739914013719,0.0,88.84664505354161,88.84664505354161,0.0,0.1361661466051736,0.1361661466051736,0.0,8.037861491628615,8.037861491628615,0.0,132776.41760843276,132776.41760843276,0.0,39224.61715525578,39224.61715525578,0.0,19828.503601562497,19828.503601562497,0.0,59053.12075681827,59053.12075681827,0.0,762.63475390625,762.63475390625,0.0,,,,49.83082523837214,49.83082523837214,0.0,-83280.91320907284,-83280.91320907284,0.0,-58454.58702709594,-58454.58702709594,0.0,,,,,,,,,
tr_rbc_pro_cm2p5_var_s5,True,1,rbc|rbc_pro_cm2p5|W1,True,e2c97847a4,7/26 h15,7/26 h15,0/10/0,93.168125,93.168125,0.0,0.9688214774076215,0.9688214774076215,0.0,0.16284230572099406,0.16284230572099406,0.0,0.9317675966251867,0.9317675966251867,0.0,0.9330135834909209,0.9330135834909209,0.0,88.49690539345711,88.49690539345711,0.0,0.14237019426404124,0.14237019426404124,0.0,8.13907914764079,8.13907914764079,0.0,132904.19970158767,132904.19970158767,0.0,39272.84046689792,39272.84046689792,0.0,20231.78472656251,20231.78472656251,0.0,59504.62519346043,59504.62519346043,0.0,778.14556640625,778.14556640625,0.0,,,,37.52260503156457,37.52260503156457,0.0,-84084.37720645491,-84084.37720645491,0.0,-59249.67192574898,-59249.67192574898,0.0,,,,,,,,,
tr_rbc_pro_cm2p5_hot,True,1,rbc|rbc_pro_cm2p5|W2_hot,True,e2c97847a4,10/1 h12,10/1 h12,0/13/0,99.047421875,99.047421875,0.0,0.9873667446449527,0.9873667446449527,0.0,0.20886683148778376,0.20886683148778376,0.0,0.8833294082732919,0.8833294082732919,0.0,0.8717945240396263,0.8717945240396263,0.0,79.84428725808036,79.84428725808036,0.0,0.2625437414965872,0.2625437414965872,0.0,3.0390030441400304,3.0390030441400304,0.0,181224.43748480987,181224.43748480987,0.0,56340.47317575745,56340.47317575745,0.0,21516.892312499996,21516.892312499996,0.0,77857.36548825745,77857.36548825745,0.0,827.5727812499999,827.5727812499999,0.0,,,,-418.2206681717528,-418.2206681717528,0.0,-104055.69950785331,-104055.69950785331,0.0,-90858.2596295351,-90858.2596295351,0.0,,,,,,,,,
tr_rbc_pro_cm2p5_cool,True,1,rbc|rbc_pro_cm2p5|W2_cool,True,e2c97847a4,5/22 h15,5/22 h15,0/11/0,45.6386171875,45.6386171875,0.0,0.8668736661678735,0.8668736661678735,0.0,0.16480098062539544,0.16480098062539544,0.0,0.9374831133925902,0.9374831133925902,0.0,0.9345400005319883,0.9345400005319883,0.0,89.28578445819825,89.28578445819825,0.0,0.1250418919314922,0.1250418919314922,0.0,9.303082191780822,9.303082191780822,0.0,65886.49047393036,65886.49047393036,0.0,19283.55708031608,19283.55708031608,0.0,11663.87706250001,11663.87706250001,0.0,30947.43414281609,30947.43414281609,0.0,448.61065625,448.61065625,0.0,,,,331.94304773469963,331.94304773469963,0.0,-40615.45990804593,-40615.45990804593,0.0,-35689.26916199394,-35689.26916199394,0.0,,,,,,,,,
maddpg_cold,True,1,,True,e2c97847a4,6/19 h11,6/19 h11,0/15/0,104.7068203125,104.7068203125,0.0,0.996961539798277,0.996961539798277,0.0,0.12926718479709265,0.12926718479709265,0.0,0.9200091374594933,0.9200091374594933,0.0,0.9277380787771038,0.9277380787771038,0.0,83.73907063562235,83.73907063562235,0.0,0.16068421470497105,0.16068421470497105,0.0,1.6464992389649924,1.6464992389649924,0.0,118567.96560386276,118567.96560386276,0.0,35504.18115346196,35504.18115346196,0.0,19777.284210937505,19777.284210937505,0.0,55281.46536439947,55281.46536439947,0.0,760.66477734375,760.66477734375,0.0,,,,168.51276261988914,168.51276261988914,0.0,-133598.22792563465,-133598.22792563465,0.0,-78562.87005100703,-78562.87005100703,0.0,,,,,,,,,
maddpg_warm_rea,True,1,,True,e2c97847a4,6/19 h9,6/19 h9,0/15/2,99.0195390625,99.0195390625,0.0,0.957582775396092,0.957582775396092,0.0,0.13724931746606334,0.13724931746606334,0.0,0.9258536769992629,0.9258536769992629,0.0,0.9338969082582957,0.9338969082582957,0.0,84.84477846546812,84.84477846546812,0.0,0.15074058525079065,0.15074058525079065,0.0,1.6461187214611872,1.6461187214611872,0.0,119051.58997267914,119051.58997267914,0.0,35662.23073556246,35662.23073556246,0.0,20092.74038281252,20092.74038281252,0.0,55754.971118374975,55754.971118374975,0.0,772.79770703125,772.79770703125,0.0,,,,200.90665077752814,200.90665077752814,0.0,-125095.64264042559,-125095.64264042559,0.0,-71969.58805008541,-71969.58805008541,0.0,,,,,,,,,
maddpg_cold_floor,True,1,,True,e2c97847a4,7/24 h9,7/24 h9,0/15/2,91.9163046875,91.9163046875,0.0,0.9130064908639329,0.9130064908639329,0.0,0.14586529497377984,0.14586529497377984,0.0,0.9210600554315529,0.9210600554315529,0.0,0.929682129079252,0.929682129079252,0.0,83.92867668729738,83.92867668729738,0.0,0.1564176440555155,0.1564176440555155,0.0,1.932267884322679,1.932267884322679,0.0,117448.81433020401,117448.81433020401,0.0,35109.080847915444,35109.080847915444,0.0,19445.814324218758,19445.814324218758,0.0,54554.8951721342,54554.8951721342,0.0,747.915935546875,747.915935546875,0.0,,,,176.1840684467954,176.1840684467954,0.0,-120586.51190755003,-120586.51190755003,0.0,-69606.9404967675,-69606.9404967675,0.0,,,,,,,,,
tr_mad_cold_var_s1,True,1,mad|maddpg_cold|W1,True,e2c97847a4,6/19 h11,6/19 h11,0/15/0,104.843296875,104.843296875,0.0,0.9963293152194073,0.9963293152194073,0.0,0.12838110507844544,0.12838110507844544,0.0,0.9162166219651731,0.9162166219651731,0.0,0.9241408925687945,0.9241408925687945,0.0,83.17025248059731,83.17025248059731,0.0,0.16669796267594705,0.16669796267594705,0.0,1.569634703196347,1.569634703196347,0.0,117908.70922082901,117908.70922082901,0.0,35276.03685898459,35276.03685898459,0.0,20508.226476562464,20508.226476562464,0.0,55784.26333554705,55784.26333554705,0.0,788.77794140625,788.77794140625,0.0,,,,152.5312754659334,152.5312754659334,0.0,-135051.14115753895,-135051.14115753895,0.0,-78194.36671114723,-78194.36671114723,0.0,,,,,,,,,
tr_mad_cold_var_s2,True,1,mad|maddpg_cold|W1,True,e2c97847a4,6/19 h10,6/19 h10,0/15/0,104.899203125,104.899203125,0.0,0.9852952894650069,0.9852952894650069,0.0,0.13473211459175144,0.13473211459175144,0.0,0.9138278850668656,0.9138278850668656,0.0,0.9219084101397793,0.9219084101397793,0.0,82.59652225169467,82.59652225169467,0.0,0.17124910426755965,0.17124910426755965,0.0,1.5869482496194824,1.5869482496194824,0.0,123807.63315474319,123807.63315474319,0.0,37167.59483094046,37167.59483094046,0.0,20671.15065234375,20671.15065234375,0.0,57838.74548328421,57838.74548328421,0.0,795.044255859375,795.044255859375,0.0,,,,118.82963322095036,118.82963322095036,0.0,-140590.81539444026,-140590.81539444026,0.0,-82405.37711167595,-82405.37711167595,0.0,,,,,,,,,
tr_mad_cold_var_s3,True,1,mad|maddpg_cold|W1,True,e2c97847a4,6/19 h11,6/19 h11,0/15/0,105.456390625,105.456390625,0.0,0.9931548620417737,0.9931548620417737,0.0,0.1278584694078442,0.1278584694078442,0.0,0.9183027058700981,0.9183027058700981,0.0,0.9253893083325405,0.9253893083325405,0.0,83.44139895864033,83.44139895864033,0.0,0.16550045469934044,0.16550045469934044,0.0,1.5494672754946728,1.5494672754946728,0.0,118115.3960045929,118115.3960045929,0.0,35402.043828277994,35402.043828277994,0.0,20427.602609375008,20427.602609375008,0.0,55829.646437653006,55829.646437653006,0.0,785.6770234375,785.6770234375,0.0,,,,162.24734709654712,162.24734709654712,0.0,-132932.45009672662,-132932.45009672662,0.0,-78396.88008686222,-78396.88008686222,0.0,,,,,,,,,
tr_mad_cold_var_s4,True,1,mad|maddpg_cold|W1,True,e2c97847a4,6/19 h11,6/19 h11,0/15/0,109.698359375,109.698359375,0.0,0.9972209823717554,0.9972209823717554,0.0,0.1256434753218193,0.1256434753218193,0.0,0.9175298478050837,0.9175298478050837,0.0,0.9246832398272833,0.9246832398272833,0.0,83.20905786423027,83.20905786423027,0.0,0.16630059446118742,0.16630059446118742,0.0,1.6040715372907153,1.6040715372907153,0.0,120738.05603463746,120738.05603463746,0.0,36217.56238607626,36217.56238607626,0.0,20320.099972656273,20320.099972656273,0.0,56537.66235873253,56537.66235873253,0.0,781.542306640625,781.542306640625,0.0,,,,148.06017590009102,148.06017590009102,0.0,-135040.39731350547,-135040.39731350547,0.0,-79786.06725275965,-79786.06725275965,0.0,,,,,,,,,
tr_mad_cold_var_s5,True,1,mad|maddpg_cold|W1,True,e2c97847a4,6/19 h11,6/19 h11,0/15/0,105.0473515625,105.0473515625,0.0,0.9967306095621312,0.9967306095621312,0.0,0.1312529292495997,0.1312529292495997,0.0,0.9160703525005394,0.9160703525005394,0.0,0.9228847856762236,0.9228847856762236,0.0,83.10737793496415,83.10737793496415,0.0,0.17130157424045359,0.17130157424045359,0.0,1.5523211567732116,1.5523211567732116,0.0,120780.88799781799,120780.88799781799,0.0,36186.22207095615,36186.22207095615,0.0,20345.230445312503,20345.230445312503,0.0,56531.452516268655,56531.452516268655,0.0,782.50886328125,782.50886328125,0.0,,,,141.43701931345075,141.43701931345075,0.0,-134221.01728645706,-134221.01728645706,0.0,-79813.8451308442,-79813.8451308442,0.0,,,,,,,,,
tr_mad_cold_hot,True,1,mad|maddpg_cold|W2_hot,True,e2c97847a4,6/19 h14,6/19 h14,0/15/0,109.4130625,109.4130625,0.0,0.9474783795516242,0.9474783795516242,0.0,0.19429650389286288,0.19429650389286288,0.0,0.8600171838311694,0.8600171838311694,0.0,0.8482051539563373,0.8482051539563373,0.0,72.18341683858925,72.18341683858925,0.0,0.3064875173245483,0.3064875173245483,0.0,1.3504566210045663,1.3504566210045663,0.0,186225.12158990098,186225.12158990098,0.0,58299.05979064868,58299.05979064868,0.0,23866.524296875,23866.524296875,0.0,82165.58408752368,82165.58408752368,0.0,917.9432421875,917.9432421875,0.0,,,,-454.10438945081427,-454.10438945081427,0.0,-126661.42757723329,-126661.42757723329,0.0,-113472.10759888159,-113472.10759888159,0.0,,,,,,,,,
tr_mad_cold_cool,True,1,mad|maddpg_cold|W2_cool,True,e2c97847a4,7/22 h8,7/22 h8,0/15/0,61.87703125,61.87703125,0.0,0.931670701067123,0.931670701067123,0.0,0.09673675934729555,0.09673675934729555,0.0,0.9050858049124894,0.9050858049124894,0.0,0.905674113064451,0.905674113064451,0.0,79.92582768444836,79.92582768444836,0.0,0.17854714231062885,0.17854714231062885,0.0,1.2912861491628616,1.2912861491628616,0.0,52435.463294929505,52435.463294929505,0.0,15818.914868134747,15818.914868134747,0.0,12313.830927734374,12313.830927734374,0.0,28132.745795869123,28132.745795869123,0.0,473.6088818359375,473.6088818359375,0.0,,,,352.7214821263233,352.7214821263233,0.0,-66524.88244377353,-66524.88244377353,0.0,-43694.037745698595,-43694.037745698595,0.0,,,,,,,,,
tr_mad_warm_rea_var_s1,True,1,mad|maddpg_warm_rea|W1,True,e2c97847a4,6/19 h10,6/19 h10,0/14/2,100.5110078125,100.5110078125,0.0,0.9669473755785294,0.9669473755785294,0.0,0.134352351583682,0.134352351583682,0.0,0.9220940834663038,0.9220940834663038,0.0,0.9303436024834185,0.9303436024834185,0.0,84.18115728460556,84.18115728460556,0.0,0.1565436838089871,0.1565436838089871,0.0,1.5644977168949772,1.5644977168949772,0.0,118294.07867457962,118294.07867457962,0.0,35423.80864174318,35423.80864174318,0.0,20441.331828124992,20441.331828124992,0.0,55865.14046986817,55865.14046986817,0.0,786.2050703125,786.2050703125,0.0,,,,185.18843646856493,185.18843646856493,0.0,-127747.46118938088,-127747.46118938088,0.0,-72627.81213589627,-72627.81213589627,0.0,,,,,,,,,
tr_mad_warm_rea_var_s2,True,1,mad|maddpg_warm_rea|W1,True,e2c97847a4,7/16 h12,7/16 h12,0/15/1,103.032984375,103.032984375,0.0,0.9769156730890728,0.9769156730890728,0.0,0.13821516184522456,0.13821516184522456,0.0,0.9211226434710387,0.9211226434710387,0.0,0.9293772062408057,0.9293772062408057,0.0,84.03821593476766,84.03821593476766,0.0,0.15905683520547878,0.15905683520547878,0.0,1.5968417047184171,1.5968417047184171,0.0,124748.71255049515,124748.71255049515,0.0,37473.34933721377,37473.34933721377,0.0,21508.16525,21508.16525,0.0,58981.514587213765,58981.514587213765,0.0,827.237125,827.237125,0.0,,,,154.80092920945924,154.80092920945924,0.0,-130726.18945667241,-130726.18945667241,0.0,-75250.15465571279,-75250.15465571279,0.0,,,,,,,,,
tr_mad_warm_rea_var_s3,True,1,mad|maddpg_warm_rea|W1,True,e2c97847a4,7/8 h11,7/8 h11,0/15/3,100.4537890625,100.4537890625,0.0,0.9600001992674655,0.9600001992674655,0.0,0.13506966704952975,0.13506966704952975,0.0,0.9254193418622336,0.9254193418622336,0.0,0.9326967935283297,0.9326967935283297,0.0,84.6070340897927,84.6070340897927,0.0,0.15417053973069292,0.15417053973069292,0.0,1.5439497716894977,1.5439497716894977,0.0,118857.95622061157,118857.95622061157,0.0,35611.66956821758,35611.66956821758,0.0,20575.847601562513,20575.847601562513,0.0,56187.51716978009,56187.51716978009,0.0,791.3787539062499,791.3787539062499,0.0,,,,196.86524071213333,196.86524071213333,0.0,-123285.39797343704,-123285.39797343704,0.0,-71638.33449829965,-71638.33449829965,0.0,,,,,,,,,
tr_mad_warm_rea_var_s4,True,1,mad|maddpg_warm_rea|W1,True,e2c97847a4,6/19 h11,6/19 h11,0/15/1,110.2400234375,110.2400234375,0.0,1.0,1.0,0.0,0.12594498368510149,0.12594498368510149,0.0,0.9246739062313948,0.9246739062313948,0.0,0.9319912535827725,0.9319912535827725,0.0,84.61538461538461,84.61538461538461,0.0,0.1541992102803903,0.1541992102803903,0.0,1.5540334855403348,1.5540334855403348,0.0,121625.39887074279,121625.39887074279,0.0,36462.84587363119,36462.84587363119,0.0,20705.837851562523,20705.837851562523,0.0,57168.68372519371,57168.68372519371,0.0,796.37837890625,796.37837890625,0.0,,,,186.33661440507205,186.33661440507205,0.0,-125597.98032661107,-125597.98032661107,0.0,-73120.28588228763,-73120.28588228763,0.0,,,,,,,,,
tr_mad_warm_rea_var_s5,True,1,mad|maddpg_warm_rea|W1,True,e2c97847a4,7/9 h12,7/9 h12,0/15/3,103.074640625,103.074640625,0.0,0.982846539374106,0.982846539374106,0.0,0.1345143237650614,0.1345143237650614,0.0,0.9216601040977837,0.9216601040977837,0.0,0.9286036884810239,0.9286036884810239,0.0,84.06523234109441,84.06523234109441,0.0,0.16269776117990287,0.16269776117990287,0.0,1.5100837138508372,1.5100837138508372,0.0,121457.53648954773,121457.53648954773,0.0,36396.58592052988,36396.58592052988,0.0,20568.630976562494,20568.630976562494,0.0,56965.21689709237,56965.21689709237,0.0,791.10119140625,791.10119140625,0.0,,,,171.27090509535216,171.27090509535216,0.0,-126899.15680418663,-126899.15680418663,0.0,-73821.74921018042,-73821.74921018042,0.0,,,,,,,,,
tr_mad_warm_rea_hot,True,1,mad|maddpg_warm_rea|W2_hot,True,e2c97847a4,7/23 h12,7/23 h12,0/14/0,107.835703125,107.835703125,0.0,0.9400420989365423,0.9400420989365423,0.0,0.2008005475932728,0.2008005475932728,0.0,0.870212775187696,0.870212775187696,0.0,0.8596510683874482,0.8596510683874482,0.0,72.48649179683663,72.48649179683663,0.0,0.28320176901921706,0.28320176901921706,0.0,1.3670091324200913,1.3670091324200913,0.0,189684.38176142503,189684.38176142503,0.0,59225.84083560942,59225.84083560942,0.0,23613.332843750017,23613.332843750017,0.0,82839.17367935943,82839.17367935943,0.0,908.205109375,908.205109375,0.0,,,,-415.3860363997294,-415.3860363997294,0.0,-111162.41833599447,-111162.41833599447,0.0,-102075.21047500739,-102075.21047500739,0.0,,,,,,,,,
tr_mad_warm_rea_cool,True,1,mad|maddpg_warm_rea|W2_cool,True,e2c97847a4,8/14 h12,8/14 h12,0/15/1,61.5020859375,61.5020859375,0.0,0.9490201173960929,0.9490201173960929,0.0,0.10011493415633521,0.10011493415633521,0.0,0.918829101729467,0.918829101729467,0.0,0.9219050971780718,0.9219050971780718,0.0,81.1641615089891,81.1641615089891,0.0,0.15058222411482017,0.15058222411482017,0.0,1.3567351598173516,1.3567351598173516,0.0,53937.74900880432,53937.74900880432,0.0,16367.265759843993,16367.265759843993,0.0,12159.599105468746,12159.599105468746,0.0,28526.86486531274,28526.86486531274,0.0,467.676888671875,467.676888671875,0.0,,,,411.9310659184641,411.9310659184641,0.0,-60882.454732228245,-60882.454732228245,0.0,-37581.04566333474,-37581.04566333474,0.0,,,,,,,,,
tr_mad_cold_floor_var_s1,True,1,mad|maddpg_cold_floor|W1,True,e2c97847a4,7/8 h7,7/8 h7,0/14/2,93.721671875,93.721671875,0.0,0.9161581358817289,0.9161581358817289,0.0,0.14253175826806652,0.14253175826806652,0.0,0.917857002690727,0.917857002690727,0.0,0.9264297566308074,0.9264297566308074,0.0,83.49788780823263,83.49788780823263,0.0,0.16182474242831685,0.16182474242831685,0.0,1.865296803652968,1.865296803652968,0.0,117018.83659825897,117018.83659825897,0.0,34962.41450119598,34962.41450119598,0.0,19652.327753906247,19652.327753906247,0.0,54614.742255102225,54614.742255102225,0.0,755.858759765625,755.858759765625,0.0,,,,163.2417945250806,163.2417945250806,0.0,-122141.97036732259,-122141.97036732259,0.0,-69766.50324045749,-69766.50324045749,0.0,,,,,,,,,
tr_mad_cold_floor_var_s2,True,1,mad|maddpg_cold_floor|W1,True,e2c97847a4,8/5 h9,8/5 h9,0/15/3,99.34315625,99.34315625,0.0,0.9523802566582603,0.9523802566582603,0.0,0.14184824304758917,0.14184824304758917,0.0,0.9150228341751849,0.9150228341751849,0.0,0.9239679589538589,0.9239679589538589,0.0,82.79889969545142,82.79889969545142,0.0,0.16646981225499588,0.16646981225499588,0.0,1.8803272450532724,1.8803272450532724,0.0,123442.87303429413,123442.87303429413,0.0,36937.10323428169,36937.10323428169,0.0,20735.102832031254,20735.102832031254,0.0,57672.206066312945,57672.206066312945,0.0,797.503955078125,797.503955078125,0.0,,,,125.71852712716024,125.71852712716024,0.0,-126941.8406395088,-126941.8406395088,0.0,-73318.96135377619,-73318.96135377619,0.0,,,,,,,,,
tr_mad_cold_floor_var_s3,True,1,mad|maddpg_cold_floor|W1,True,e2c97847a4,8/5 h10,8/5 h10,0/15/3,97.5704453125,97.5704453125,0.0,0.9393717526420078,0.9393717526420078,0.0,0.1373071367288892,0.1373071367288892,0.0,0.9204960348657975,0.9204960348657975,0.0,0.9283423215607711,0.9283423215607711,0.0,83.81815502505158,83.81815502505158,0.0,0.15974871380552333,0.15974871380552333,0.0,1.904490106544901,1.904490106544901,0.0,117358.7578429451,117358.7578429451,0.0,35072.3815944846,35072.3815944846,0.0,20154.104597656245,20154.104597656245,0.0,55226.486192140845,55226.486192140845,0.0,775.157869140625,775.157869140625,0.0,,,,173.37792754521087,173.37792754521087,0.0,-118925.15134850114,-118925.15134850114,0.0,-69392.11072921926,-69392.11072921926,0.0,,,,,,,,,
tr_mad_cold_floor_var_s4,True,1,mad|maddpg_cold_floor|W1,True,e2c97847a4,6/19 h11,6/19 h11,0/13/1,97.243734375,97.243734375,0.0,0.9267554053537899,0.9267554053537899,0.0,0.14107351871367424,0.14107351871367424,0.0,0.9202557214089548,0.9202557214089548,0.0,0.9282349313928664,0.9282349313928664,0.0,83.68749385990766,83.68749385990766,0.0,0.15916844840039945,0.15916844840039945,0.0,1.874048706240487,1.874048706240487,0.0,120174.19824277877,120174.19824277877,0.0,35931.84817643511,35931.84817643511,0.0,19981.04616015624,19981.04616015624,0.0,55912.894336591344,55912.894336591344,0.0,768.501775390625,768.501775390625,0.0,,,,162.2101222514112,162.2101222514112,0.0,-121134.35401026638,-121134.35401026638,0.0,-70890.8193107493,-70890.8193107493,0.0,,,,,,,,,
tr_mad_cold_floor_var_s5,True,1,mad|maddpg_cold_floor|W1,True,e2c97847a4,7/8 h12,7/8 h12,0/14/1,96.928703125,96.928703125,0.0,0.9470221834689379,0.9470221834689379,0.0,0.1410555711718688,0.1410555711718688,0.0,0.9167516017863909,0.9167516017863909,0.0,0.9241356574656282,0.9241356574656282,0.0,83.20218096080166,83.20218096080166,0.0,0.1681701790526399,0.1681701790526399,0.0,1.8318112633181127,1.8318112633181127,0.0,119769.64218046951,119769.64218046951,0.0,35807.44207391732,35807.44207391732,0.0,20121.178542968726,20121.178542968726,0.0,55928.62061688605,55928.62061688605,0.0,773.891482421875,773.891482421875,0.0,,,,148.0340796091987,148.0340796091987,0.0,-121925.31447512837,-121925.31447512837,0.0,-71505.99633306204,-71505.99633306204,0.0,,,,,,,,,
tr_mad_cold_floor_hot,True,1,mad|maddpg_cold_floor|W2_hot,True,e2c97847a4,6/28 h15,6/28 h15,0/14/1,99.135484375,99.135484375,0.0,0.8953817189687325,0.8953817189687325,0.0,0.2137007735082424,0.2137007735082424,0.0,0.8593585107635238,0.8593585107635238,0.0,0.8477989408801588,0.8477989408801588,0.0,71.26731506041851,71.26731506041851,0.0,0.30610654093402145,0.30610654093402145,0.0,1.8211567732115679,1.8211567732115679,0.0,185583.48811113357,185583.48811113357,0.0,57784.864677295926,57784.864677295926,0.0,23440.383179687477,23440.383179687477,0.0,81225.2478569834,81225.2478569834,0.0,901.55319921875,901.55319921875,0.0,,,,-453.1456538465706,-453.1456538465706,0.0,-121264.68259741466,-121264.68259741466,0.0,-110362.17321565778,-110362.17321565778,0.0,,,,,,,,,
tr_mad_cold_floor_cool,True,1,mad|maddpg_cold_floor|W2_cool,True,e2c97847a4,6/25 h12,6/25 h12,0/14/0,57.6776796875,57.6776796875,0.0,0.887363297027004,0.887363297027004,0.0,0.10244571204482661,0.10244571204482661,0.0,0.8988597733179056,0.8988597733179056,0.0,0.8990741356001767,0.8990741356001767,0.0,79.44051478534237,79.44051478534237,0.0,0.18912025369306365,0.18912025369306365,0.0,1.6554414003044142,1.6554414003044142,0.0,51761.359250591275,51761.359250591275,0.0,15552.351532180202,15552.351532180202,0.0,12082.076347656255,12082.076347656255,0.0,27634.427879836458,27634.427879836458,0.0,464.695244140625,464.695244140625,0.0,,,,331.01564736492446,331.01564736492446,0.0,-68511.22488382412,-68511.22488382412,0.0,-44885.34140675912,-44885.34140675912,0.0,,,,,,,,,
